team	folderName	group	theFan	theCountry	whyCheer	howToCheer	wheretoGather	video1	videos	image1	image2	image1Width	image1Height	image2Width	image2Height	images	text
Algeria	Algeria	J	Lorem ipsum dolor sit amet	Lorem ipsum dolor sit amet, consectetur adipiscing elit. Integer posuere erat a ante venenatis dapibus posuere velit aliquet.	"Lorem ipsum dolor sit amet, consectetur adipiscing elit. Praesent commodo cursus magna, vel scelerisque nisl consectetur et. Donec ullamcorper nulla non metus auctor fringilla.

Curabitur blandit tempus porttitor. Aenean lacinia bibendum nulla sed consectetur. Etiam porta sem malesuada magna mollis euismod."	Maecenas faucibus mollis interdum. Sed posuere consectetur est at lobortis. Cras justo odio, dapibus ac facilisis in, egestas eget quam.											"The fan: Lorem ipsum dolor sit amet

Cheering for: Lorem ipsum dolor sit amet, consectetur adipiscing elit. Integer posuere erat a ante venenatis dapibus posuere velit aliquet.

Why they cheer: Lorem ipsum dolor sit amet, consectetur adipiscing elit. Praesent commodo cursus magna, vel scelerisque nisl consectetur et. Donec ullamcorper nulla non metus auctor fringilla.

Curabitur blandit tempus porttitor. Aenean lacinia bibendum nulla sed consectetur. Etiam porta sem malesuada magna mollis euismod.

How to cheer: Maecenas faucibus mollis interdum. Sed posuere consectetur est at lobortis. Cras justo odio, dapibus ac facilisis in, egestas eget quam."
Argentina	Argentina	J	DJ Nicolas Panart, 36.	Argentina is the World Cup defending champion, led by legend Lionel Messi. The second-largest nation in South America has won the trophy three times. There are an estimated 19,530 Argentines living in Canada, 7,130 in Toronto.	"After Argentina beat the Netherlands on penalties in the 2022 World Cup quarterfinals, Panart booked a flight halfway around the world from Canada to Qatar and saw his team go all the way. He said his heart was pounding throughout the final win over France.

“I think a lot of people would agree that was probably the best World Cup final soccer game that anybody’s seen, with a 3-3 draw and then going to penalty shots,” says Panart, who grew up in Canada.

Rooting for Argentina is a tradition passed down from his parents, who often told him stories about Diego Maradona, one of the sport's all-time greats. As a kid, Panart loved to play the FIFA video game and often wore a Gabriel Batistuta replica jersey.

Buying a last-minute plane ticket to Qatar in hopes of witnessing history was a no-brainer. What he experienced was something he wishes every soccer fanatic could enjoy: “Right after the birth of my son, it’d be number two.”  

Only Italy (1934, 1938) and Brazil (1958, 1962) have won back-to-back men's World Cups, but Panart thinks Argentina has a shot.

“The true meaning of brotherhood lives in the Argentinian team; those other teams wish they had that.”  

Messi is expected to suit up for his sixth and last World Cup. At 38, he holds the record for Cup matches played (26) and continues to dominate with Inter Miami in Major League Soccer. Panart says Argentina’s 2022 triumph stamped Messi as the greatest player in soccer history.

“Everybody doubted Messi because he didn’t have a World Cup. Maradona did, Pelé did. In order to be the greatest of all time, you have to have a World Cup.”"	"Panart says Argentina fans often gather on game days for an asado, or traditional barbecue with slow-cooked meats.

Favourite items include empanadas and choripán (grilled chorizo). Mate, a caffeine-rich infused herbal drink, is the popular beverage and part of Messi's regimen. During the 2022 World Cup, the team reportedly travelled with 240 kilograms of the stuff.

“I believe that the Argentinian team for me represents a whole bunch, represents love, family, unity,” Panart says. “Argentina brings a lot of people together.”

For casual fans, Messi and Co. are a major draw, so finding Argentina on a screen around town won't be a problem — finding a seat might be the challenge."				./images/Argentina/01_IMG_2651.jpg	./images/Argentina/02_69260749447__549B6FB9-AC22-492D-ABEB-47E7A955EB45.jpg	4000	3000	2316	3088	./images/Argentina/01_IMG_2651.jpg|./images/Argentina/02_69260749447__549B6FB9-AC22-492D-ABEB-47E7A955EB45.jpg|./images/Argentina/03_IMG_2450.jpg|./images/Argentina/IMG_2434.jpg	"The fan: DJ Nicolas Panart, 36.

The country: Argentina is the World Cup defending champion, led by legend Lionel Messi. The second-largest nation in South America has won the trophy three times. There are an estimated 19,530 Argentines living in Canada, 7,130 in Toronto.

Why he cheers: After Argentina beat the Netherlands on penalties in the 2022 World Cup quarterfinals, Panart booked a flight halfway around the world from Canada to Qatar and saw his team go all the way. He said his heart was pounding throughout the final win over France.

“I think a lot of people would agree that was probably the best World Cup final soccer game that anybody’s seen, with a 3-3 draw and then going to penalty shots,” says Panart, who grew up in Canada.

Rooting for Argentina is a tradition passed down from his parents, who often told him stories about Diego Maradona, one of the sport's all-time greats. As a kid, Panart loved to play the FIFA video game and often wore a Gabriel Batistuta replica jersey.

Buying a last-minute plane ticket to Qatar in hopes of witnessing history was a no-brainer. What he experienced was something he wishes every soccer fanatic could enjoy: “Right after the birth of my son, it’d be number two.”  

Only Italy (1934, 1938) and Brazil (1958, 1962) have won back-to-back men's World Cups, but Panart thinks Argentina has a shot.

“The true meaning of brotherhood lives in the Argentinian team; those other teams wish they had that.”  

Messi is expected to suit up for his sixth and last World Cup. At 38, he holds the record for Cup matches played (26) and continues to dominate with Inter Miami in Major League Soccer. Panart says Argentina’s 2022 triumph stamped Messi as the greatest player in soccer history.

“Everybody doubted Messi because he didn’t have a World Cup. Maradona did, Pelé did. In order to be the greatest of all time, you have to have a World Cup.”

How to cheer: Panart says Argentina fans often gather on game days for an asado, or traditional barbecue with slow-cooked meats.

Favourite items include empanadas and choripán (grilled chorizo). Mate, a caffeine-rich infused herbal drink, is the popular beverage and part of Messi's regimen. During the 2022 World Cup, the team reportedly travelled with 240 kilograms of the stuff.

“I believe that the Argentinian team for me represents a whole bunch, represents love, family, unity,” Panart says. “Argentina brings a lot of people together.”

For casual fans, Messi and Co. are a major draw, so finding Argentina on a screen around town won't be a problem — finding a seat might be the challenge."
Australia	Australia	D	Sales director Kerin Sparks, 60.	Australia is set to make its sixth straight World Cup appearance with a game in Vancouver, British Columbia. The sixth-largest country in the world, there are about 4,095 Australians living in Toronto.	"Kerin Sparks remembers the heartbreaking 1-0 loss to Italy in the round of 16 at the 2026 FIFA World Cup. A 95th-minute penalty saw Francesco Totti score a goal to help Italy advance. Italy escaped despite being down to 10 men on the field after being issued a red card in the 55th minute of the match.

The controversial penalty call late in the game led to an apology to Australian fans from Sepp Blatter, the head of FIFA at the time, saying they should’ve advanced. Many thought the Socceroos had a chance of lifting the trophy if they defeated Italy, gaining a ton of notoriety, appearing in the tournament for the first time since 1974, and almost upsetting the eventual World Cup champions.

“Australia really took off and got a lot more respected in regard to being a soccer nation,” said Sparks.

The 60-year-old sales director grew up in Perth, Australia and grew up playing Australian football instead of soccer as a kid. He met his wife in Greece while backpacking, before settling in Toronto in 1993. He’s now watched his country become a staple in the tournament, making an appearance every year since 2006.

One of his favourite moments as a fan of the national team was watching Tim Cahill in the 2014 FIFA World Cup, who scored their first goal against the powerhouse Netherlands. Australia lost that match and failed to get out of the group stage, but Cahill, who remains the all-time goalscorer for Australia, had one of the more memorable goals from the entire tournament.

Sparks made sure to closely follow Australia’s qualification process, knowing that if they made it to the World Cup, the Socceroos would be playing in Vancouver at BC Place. He spent $400 on two tickets for their match against Turkey and will carry one of Australia’s greatest players' jerseys with him, Harry Kewell.

“Everybody's like, ‘How the hell did you get that? Where did you get that?” said Sparks, who found the jersey on eBay over a decade ago.

Australia’s youth, exuberance and ability to shock some countries, is why Sparks thinks his country can make some noise in this tournament. They’re in a group with Paraguay, Turkey and the USA.

Despite not being in the same group as New Zealand, Sparks hopes they can run into the neighbouring country. It doesn’t matter what the sport is, there’s deep rivalry whether it’s cricket, netball, rugby or soccer.

“We have a deep love for working alongside each other,” said Sparks. “When it comes to sport, on the field, it's a true hate, so it's kind of like USA, Canada, big time,” said Sparks."	"Hemingway's Restaurant and Bar on Bloor Street will be the headquarters for many Australian and New Zealand soccer fans to come together and watch the World Cup. Whether it’s a cricket or Rugby World Cup, Sparks has seen the restaurant packed to the brink and expects the same this tournament.

You’ll hear them chanting ""Aussie, Aussie, Aussie! Oi, Oi, Oi!"" which is a popular sporting chant in the country, used to rally support.

For food, Australian fans are known to have chicken parmi, a beloved staple that includes crumbed chicken breast, Napoli sauce, ham, and melted cheese, often served with fries and salad.

They’ll also have sausage rolls, meat pies and the iconic Australian chocolate biscuit, known as Tim Tam, plus Australian beer such as Coopers Pale Ale.

“It's passion, and it's vital, it's life,” said Sparks. “When your colours are out there on the pitch, it's something that's extremely rare and unique to play every four years … it' s rabid.”"		./images/Australia/video/slomo.mp4	./images/Australia/video/slomo.mp4	./images/Australia/LM_042326_australia1.JPG	./images/Australia/LM_042326_australia2.JPG	8192	5464	8192	5464	./images/Australia/LM_042326_australia1.JPG|./images/Australia/LM_042326_australia2.JPG|./images/Australia/LM_042326_australia3.JPG|./images/Australia/LM_042326_australia4.JPG|./images/Australia/LM_042326_australia5.JPG|./images/Australia/LM_042326_australia6.JPG|./images/Australia/LM_042326_australia7.JPG|./images/Australia/LM_042326_australia8.JPG|./images/Australia/LM_042326_australia9.JPG|./images/Australia/LM_042326_australia10.JPG	"The Fan: Sales director Kerin Sparks, 60.

The country: Australia is set to make its sixth straight World Cup appearance with a game in Vancouver, British Columbia. The sixth-largest country in the world, there are about 4,095 Australians living in Toronto.

Why he cheers: Kerin Sparks remembers the heartbreaking 1-0 loss to Italy in the round of 16 at the 2026 FIFA World Cup. A 95th-minute penalty saw Francesco Totti score a goal to help Italy advance. Italy escaped despite being down to 10 men on the field after being issued a red card in the 55th minute of the match.

The controversial penalty call late in the game led to an apology to Australian fans from Sepp Blatter, the head of FIFA at the time, saying they should’ve advanced. Many thought the Socceroos had a chance of lifting the trophy if they defeated Italy, gaining a ton of notoriety, appearing in the tournament for the first time since 1974, and almost upsetting the eventual World Cup champions.

“Australia really took off and got a lot more respected in regard to being a soccer nation,” said Sparks.

The 60-year-old sales director grew up in Perth, Australia and grew up playing Australian football instead of soccer as a kid. He met his wife in Greece while backpacking, before settling in Toronto in 1993. He’s now watched his country become a staple in the tournament, making an appearance every year since 2006.

One of his favourite moments as a fan of the national team was watching Tim Cahill in the 2014 FIFA World Cup, who scored their first goal against the powerhouse Netherlands. Australia lost that match and failed to get out of the group stage, but Cahill, who remains the all-time goalscorer for Australia, had one of the more memorable goals from the entire tournament.

Sparks made sure to closely follow Australia’s qualification process, knowing that if they made it to the World Cup, the Socceroos would be playing in Vancouver at BC Place. He spent $400 on two tickets for their match against Turkey and will carry one of Australia’s greatest players' jerseys with him, Harry Kewell.

“Everybody's like, ‘How the hell did you get that? Where did you get that?” said Sparks, who found the jersey on eBay over a decade ago.

Australia’s youth, exuberance and ability to shock some countries, is why Sparks thinks his country can make some noise in this tournament. They’re in a group with Paraguay, Turkey and the USA.

Despite not being in the same group as New Zealand, Sparks hopes they can run into the neighbouring country. It doesn’t matter what the sport is, there’s deep rivalry whether it’s cricket, netball, rugby or soccer.

“We have a deep love for working alongside each other,” said Sparks. “When it comes to sport, on the field, it's a true hate, so it's kind of like USA, Canada, big time,” said Sparks.

How to cheer: Hemingway's Restaurant and Bar on Bloor Street will be the headquarters for many Australian and New Zealand soccer fans to come together and watch the World Cup. Whether it’s a cricket or Rugby World Cup, Sparks has seen the restaurant packed to the brink and expects the same this tournament.

You’ll hear them chanting ""Aussie, Aussie, Aussie! Oi, Oi, Oi!"" which is a popular sporting chant in the country, used to rally support.

For food, Australian fans are known to have chicken parmi, a beloved staple that includes crumbed chicken breast, Napoli sauce, ham, and melted cheese, often served with fries and salad.

They’ll also have sausage rolls, meat pies and the iconic Australian chocolate biscuit, known as Tim Tam, plus Australian beer such as Coopers Pale Ale.

“It's passion, and it's vital, it's life,” said Sparks. “When your colours are out there on the pitch, it's something that's extremely rare and unique to play every four years … it' s rabid.”"
Austria	Austria	J	Recruiter Mike Noehammer, 31.	Austria, an Alpine nation of just over 9 million in Central Europe; 3,145 people of Austrian heritage live in Toronto. Austria has been in six World Cups before this year.	"Mike Noehammer has been waiting for this moment for 28 years.

When Austria kicks off its first World Cup appearance since 1998, Noehammer will be in his parents’ basement in Mississauga with his eyes glued to the television screen.

Today, he has a wiener schnitzel — a classic Austrian dish, consisting of a breaded and fried veal, chicken or pork cutlet — in hand as he sits inside Sin & Redemption in downtown Toronto, right across the street from where his grandparents got married at St. Patrick's Catholic Church.

He’ll likely have some roast potatoes and sauerkraut to go with it and, without question, a Stiegl, the country’s national beer. It’s the only way he knows how to watch Austrian soccer this World Cup.

“A schnitzel dinner isn't complete without a Stiegl in my opinion,” laughs Noehammer.

The 31-year-old doesn’t have any recollection of Austria’s last appearance in the FIFA World Cup. But can you blame him? The Toronto native was just four years old at the time.

During the 2002 World Cup, Noehammer witnessed other classmates who were Polish, Portuguese and Italian enjoy showing off their country’s flag and jerseys. Now in 2026, he’ll get to experience an adrenalin rush like none other, watching his country on the world stage.

“With Austria not having the greatest success at the FIFA World Cup qualifying and at the Euros, I always sort of felt left out that the country of my heritage wasn't there,” said Noehammer.

Noehammer’s family immigrated to Canada in the early 1950s, after the Second World War, to establish a new life and seek better opportunities. Life in Austria wasn’t stable; a lot of uneasiness existed.

The World Cup is a chance for Noehammer to share the pride of his country, show off the colours of their flags, wear his jersey in public and show how proud he is of his grandparent’s lineage and sacrifice.

Back at the World Cup, Austria is a team that has surprised many in the soccer world. It’s a far cry from when they co-hosted the 2008 UEFA European Championship and pundits claimed Austria had no business being there, with one reporter even suggesting they forfeit their host spot to avoid embarrassment.

That’s when Noehammer’s support for Austria took off. With no expectations, the country shocked the world to grab a late draw with Poland in a group stage match.

“I remember celebrating so heavy just because we weren’t supposed to be there,” said Noehammer, who still laughs about the moment to this day. “To spoil Poland's party, to steal points from them and to come away from the tournament with something, that's when I knew, this is my team going forward.

Noehammer has closely followed the careers of Austrian players, including household name David Alaba, who has quickly come up the ranks and has become the heart and soul of the country.

Austria enters the tournament in the same group as reigning World Cup champion Argentina and Noehammer won’t lie and admit that Lionel Messi does scare him. Argentina will likely be the biggest challenge, but with Alba leading Austria, he believes they have a chance.

In the last Euros, Austria was in a group filled with the top dogs, the Netherlands and France, but came out on top of the group.

“We are not just at the World Cup, but we're there to compete,” said Noehammer. “I couldn't be more proud. I'm just happy to see them on the world stage … we can show the world who we are and how far we've come as a program.”"	The Austrian team doesn't have a large local support base; as Noehammer says, he'll watch from his parents' basement. And the team isn't making it to the big screen at Toronto's official fan festival, at least not in the early rounds. But if you're pulling for Austria, the Adidas Home of Soccer at Stackt Market promises to put every match on a big screen. Entry is first-come, first-served, and the space is closed Mondays.				./images/Austria/01_AM_Austrian fan - World Cup project_103.JPG	./images/Austria/AM_Austrian fan - World Cup project_101.JPG	8640	5760	8013	5342	./images/Austria/01_AM_Austrian fan - World Cup project_103.JPG|./images/Austria/AM_Austrian fan - World Cup project_101.JPG|./images/Austria/AM_Austrian fan - World Cup project_102.JPG|./images/Austria/AM_Austrian fan - World Cup project_104.JPG|./images/Austria/AM_Austrian fan - World Cup project_105.JPG|./images/Austria/AM_Austrian fan - World Cup project_106.JPG	"The fan: Recruiter Mike Noehammer, 31.

Cheering for: Austria, an Alpine nation of just over 9 million in Central Europe; 3,145 people of Austrian heritage live in Toronto. Austria has been in six World Cups before this year.

Why he's cheering: Mike Noehammer has been waiting for this moment for 28 years.

When Austria kicks off its first World Cup appearance since 1998, Noehammer will be in his parents’ basement in Mississauga with his eyes glued to the television screen.

Today, he has a wiener schnitzel — a classic Austrian dish, consisting of a breaded and fried veal, chicken or pork cutlet — in hand as he sits inside Sin & Redemption in downtown Toronto, right across the street from where his grandparents got married at St. Patrick's Catholic Church.

He’ll likely have some roast potatoes and sauerkraut to go with it and, without question, a Stiegl, the country’s national beer. It’s the only way he knows how to watch Austrian soccer this World Cup.

“A schnitzel dinner isn't complete without a Stiegl in my opinion,” laughs Noehammer.

The 31-year-old doesn’t have any recollection of Austria’s last appearance in the FIFA World Cup. But can you blame him? The Toronto native was just four years old at the time.

During the 2002 World Cup, Noehammer witnessed other classmates who were Polish, Portuguese and Italian enjoy showing off their country’s flag and jerseys. Now in 2026, he’ll get to experience an adrenalin rush like none other, watching his country on the world stage.

“With Austria not having the greatest success at the FIFA World Cup qualifying and at the Euros, I always sort of felt left out that the country of my heritage wasn't there,” said Noehammer.

Noehammer’s family immigrated to Canada in the early 1950s, after the Second World War, to establish a new life and seek better opportunities. Life in Austria wasn’t stable; a lot of uneasiness existed.

The World Cup is a chance for Noehammer to share the pride of his country, show off the colours of their flags, wear his jersey in public and show how proud he is of his grandparent’s lineage and sacrifice.

Back at the World Cup, Austria is a team that has surprised many in the soccer world. It’s a far cry from when they co-hosted the 2008 UEFA European Championship and pundits claimed Austria had no business being there, with one reporter even suggesting they forfeit their host spot to avoid embarrassment.

That’s when Noehammer’s support for Austria took off. With no expectations, the country shocked the world to grab a late draw with Poland in a group stage match.

“I remember celebrating so heavy just because we weren’t supposed to be there,” said Noehammer, who still laughs about the moment to this day. “To spoil Poland's party, to steal points from them and to come away from the tournament with something, that's when I knew, this is my team going forward.

Noehammer has closely followed the careers of Austrian players, including household name David Alaba, who has quickly come up the ranks and has become the heart and soul of the country.

Austria enters the tournament in the same group as reigning World Cup champion Argentina and Noehammer won’t lie and admit that Lionel Messi does scare him. Argentina will likely be the biggest challenge, but with Alba leading Austria, he believes they have a chance.

In the last Euros, Austria was in a group filled with the top dogs, the Netherlands and France, but came out on top of the group.

“We are not just at the World Cup, but we're there to compete,” said Noehammer. “I couldn't be more proud. I'm just happy to see them on the world stage … we can show the world who we are and how far we've come as a program.”

How to cheer: The Austrian team doesn't have a large local support base; as Noehammer says, he'll watch from his parents' basement. And the team isn't making it to the big screen at Toronto's official fan festival, at least not in the early rounds. But if you're pulling for Austria, the Adidas Home of Soccer at Stackt Market promises to put every match on a big screen. Entry is first-come, first-served, and the space is closed Mondays."
Belgium	Belgium	G	Partnership manager Antoine Marion, 29.	Belgium, a nation with a long World Cup history: 15 total appearances, including a third-place finish in 2018. The western European country has a population of 11.9 million; 5,575 people of Belgium origin live in Toronto according to Statistics Canada.	"Antoine Marion’s lucky scarf stayed with him as he followed the Belgian national team.

He remembers when he was four years old young following the sport, catching a glimpse of his favourite team at King Baudouin Stadium in Brussels, Belgium.

“Just the atmosphere that we had on the day of the game with all the Belgian fans, a sunny beautiful day ... chanting all together, the whole day cheering the tea,” he said. “The connection that you have with both friends and just random people, that's a nice thing.”

Each game brought new adventures with his group of six friends, who soaked it all in as Marion’s scarf blew in the wind.

Then one day he lost it.

“To be totally honest, I think I wasn't that sober that evening and it didn't help to keep the scarf,” said Marion, who has since gotten a new one. “Even without that old scarf, I'm sure I'll find another lucky charm for us to go for at this World Cup.”

While he has lived in Toronto for the past two years, Marion is still able to hang out with the same group of friends to cheer on his country as they plan to catch the Belgium game in Vancouver against New Zealand on June 26. They had been planning to see the World Cup together for six years and now get their chance for a boys trip in Canada.

“It has been years that we've been waiting for this and now a couple of months ago when seeing that Belgium was playing in Vancouver we organized everything to make sure that we would be there,” said Marion.

Marion still feels a deep connection to his home country, and is excited to celebrate the World Cup with other Belgians in Toronto. “I'm not in the country but on the other hand there is a strong community here that helps to feel a bit like home,” said Marion."	Belgium fans will gather at the Crafty Coyote on Bloor for three games: June 15 against Egypt,  June 21 against Iran, and June 26 against New Zealand.				./images/Belgium/sp-wcup-belgium.jpg		1600	1200			./images/Belgium/sp-wcup-belgium.jpg	"The fan: Partnership manager Antoine Marion, 29.

Cheering for: Belgium, a nation with a long World Cup history: 15 total appearances, including a third-place finish in 2018. The western European country has a population of 11.9 million; 5,575 people of Belgium origin live in Toronto according to Statistics Canada.

Why he's cheering: Antoine Marion’s lucky scarf stayed with him as he followed the Belgian national team.

He remembers when he was four years old young following the sport, catching a glimpse of his favourite team at King Baudouin Stadium in Brussels, Belgium.

“Just the atmosphere that we had on the day of the game with all the Belgian fans, a sunny beautiful day ... chanting all together, the whole day cheering the tea,” he said. “The connection that you have with both friends and just random people, that's a nice thing.”

Each game brought new adventures with his group of six friends, who soaked it all in as Marion’s scarf blew in the wind.

Then one day he lost it.

“To be totally honest, I think I wasn't that sober that evening and it didn't help to keep the scarf,” said Marion, who has since gotten a new one. “Even without that old scarf, I'm sure I'll find another lucky charm for us to go for at this World Cup.”

While he has lived in Toronto for the past two years, Marion is still able to hang out with the same group of friends to cheer on his country as they plan to catch the Belgium game in Vancouver against New Zealand on June 26. They had been planning to see the World Cup together for six years and now get their chance for a boys trip in Canada.

“It has been years that we've been waiting for this and now a couple of months ago when seeing that Belgium was playing in Vancouver we organized everything to make sure that we would be there,” said Marion.

Marion still feels a deep connection to his home country, and is excited to celebrate the World Cup with other Belgians in Toronto. “I'm not in the country but on the other hand there is a strong community here that helps to feel a bit like home,” said Marion.

How to cheer: Belgium fans will gather at the Crafty Coyote on Bloor for three games: June 15 against Egypt,  June 21 against Iran, and June 26 against New Zealand."
Bosnia and Herzegovina	Bosnia-and-Herzegovina	B	General director of the Bosnian-Canadian Association Emina Kapo, 33.	Bosnia and Herzegovina makes its second World Cup appearance after securing a spot by defeating Italy in a playoff match that went to penalties. The country on the Balkan Peninsula in southeastern Europe has approximately 35,925 people living in Canada, with 9,435 based in Toronto.	"When Bosnia and Herzegovina beat Italy to secure their spot in the World Cup and a date with Canada to open the tournament on June 12 in Toronto, the win was poetic and a full-circle moment for Emina Kapo and those who have closely followed the national team for decades.

After the Bosnian war ended in the mid-90s, the country’s first international victory came in a shocking 2-1 friendly match against Italy in 1996 at Kosevo Olympic Stadium in Sarajevo. 

Thirty years later, Kapo was at home with her parents as he struggled to watch her country compete for a spot in the World Cup against the same team, turning away and praying instead while the penalty shootout took place in March.

“The only reason I knew that we had finished the match and won was because my parents started screaming and my mom's like, ‘You can get up now,' and I started running!” said Kapo. “It was incredibly emotional. It was an incredibly beautiful day.”

To celebrate, Kapo and her family got into their car as she hung from the sunroof, waving the Bosnia and Herzegovina flag as they paraded the streets of Hamilton with other members of the community.

Soccer to Bosnians is much more than just a game. For many, it brought them together in the midst of war between 1992 and 1995. Kids would crumble up socks and paper, and kick them around like they were a soccer ball in the local park with hopes a bomb wouldn't fall on them while they played.

The 33-year-old often gets flashes of memories as a kid, going outside to play and often being told to stay indoors by her mother because it wasn’t safe enough. 

“I just remember the joy of friendship and community and togetherness and everyone trying to rebuild after the devastation that just happened to us,” said Kapo, while holding back tears. “After the fact that we had just lost direct family members. Some people lost entire families, and we still found joy, the tiniest of little things, and the main thing, particularly being footy.”

Kapo was born in Fojnica, a city in Bosnia, just about an hour outside the country’s capital, Sarajevo. After the war, Kapo’s family returned to Sarajevo before moving to Canada in 2002, initially settling in Winnipeg before moving to Hamilton. Her parents managed three different jobs when they arrived, working at a factory, doing cleaning jobs and delivering local newspapers in the middle of the night.

“I grew to love Canada as my second home because it did afford my parents and (me) a lot of opportunities,” said Kapo, who often missed the tight-knit community back home in Bosnia and Herzegovina. “I’m so grateful for the life that it's provided me and my family over the last 24 years.”

A cousin gifted Kapo tickets to the opening World Cup match between Bosnia and Herzegovina and Canada, and she has family travelling from Sarajevo to Toronto for a special reunion. This will be the first time a lot of them are together since Kapo was a toddler.

Kapo says she’ll be happy either way on the match outcome between her two countries, hoping they can both make it out of the group stage, which also includes Switzerland and Qatar."	"As the general director of the Bosnian-Canadian Association, Kapo is helping organize a march in co-ordination with FIFA that fans attending the game can take part in on their way to the BMO Field. A watch party will also be held at Anapilis Hall in Mississauga for those who won’t be watching the game in person.

Bosnians are known to have coffee and cigarettes during games and pita, known as burek, which is a pastry that’s hand-stitched from phyllo dough. There are different types, such as Sirnica, filled with cheese. Burek is filled with spiced ground meat and onions, while Krompiruša is filled with diced potatoes and onions.

For Kapo, seeing her country back on the World Cup stage is what she’s most proud of.

“The world finally gets to see the beauty that is my home country,"" she said, ""and the beauty that is our people and the hospitality and respect and love that we really truly have to share with the world."""				./images/Bosnia-and-Herzegovina/01_Bosnia_8.jpg	./images/Bosnia-and-Herzegovina/02_Bosnia_1.jpg	960	720	2250	4000	./images/Bosnia-and-Herzegovina/01_Bosnia_8.jpg|./images/Bosnia-and-Herzegovina/02_Bosnia_1.jpg|./images/Bosnia-and-Herzegovina/03_Bosnia_7.jpg|./images/Bosnia-and-Herzegovina/Bosnia_4.jpg|./images/Bosnia-and-Herzegovina/Bosnia_5.jpg|./images/Bosnia-and-Herzegovina/Bosnia_6.jpg|./images/Bosnia-and-Herzegovina/Bosnia_9.jpg|./images/Bosnia-and-Herzegovina/Bosnian-Canadian Association Emina Kapo.jpg|./images/Bosnia-and-Herzegovina/IMG_176734440900445.jpg	"The fan: General director of the Bosnian-Canadian Association Emina Kapo, 33.

The country: Bosnia and Herzegovina makes its second World Cup appearance after securing a spot by defeating Italy in a playoff match that went to penalties. The country on the Balkan Peninsula in southeastern Europe has approximately 35,925 people living in Canada, with 9,435 based in Toronto.

Why she cheers: When Bosnia and Herzegovina beat Italy to secure their spot in the World Cup and a date with Canada to open the tournament on June 12 in Toronto, the win was poetic and a full-circle moment for Emina Kapo and those who have closely followed the national team for decades.

After the Bosnian war ended in the mid-90s, the country’s first international victory came in a shocking 2-1 friendly match against Italy in 1996 at Kosevo Olympic Stadium in Sarajevo. 

Thirty years later, Kapo was at home with her parents as he struggled to watch her country compete for a spot in the World Cup against the same team, turning away and praying instead while the penalty shootout took place in March.

“The only reason I knew that we had finished the match and won was because my parents started screaming and my mom's like, ‘You can get up now,' and I started running!” said Kapo. “It was incredibly emotional. It was an incredibly beautiful day.”

To celebrate, Kapo and her family got into their car as she hung from the sunroof, waving the Bosnia and Herzegovina flag as they paraded the streets of Hamilton with other members of the community.

Soccer to Bosnians is much more than just a game. For many, it brought them together in the midst of war between 1992 and 1995. Kids would crumble up socks and paper, and kick them around like they were a soccer ball in the local park with hopes a bomb wouldn't fall on them while they played.

The 33-year-old often gets flashes of memories as a kid, going outside to play and often being told to stay indoors by her mother because it wasn’t safe enough. 

“I just remember the joy of friendship and community and togetherness and everyone trying to rebuild after the devastation that just happened to us,” said Kapo, while holding back tears. “After the fact that we had just lost direct family members. Some people lost entire families, and we still found joy, the tiniest of little things, and the main thing, particularly being footy.”

Kapo was born in Fojnica, a city in Bosnia, just about an hour outside the country’s capital, Sarajevo. After the war, Kapo’s family returned to Sarajevo before moving to Canada in 2002, initially settling in Winnipeg before moving to Hamilton. Her parents managed three different jobs when they arrived, working at a factory, doing cleaning jobs and delivering local newspapers in the middle of the night.

“I grew to love Canada as my second home because it did afford my parents and (me) a lot of opportunities,” said Kapo, who often missed the tight-knit community back home in Bosnia and Herzegovina. “I’m so grateful for the life that it's provided me and my family over the last 24 years.”

A cousin gifted Kapo tickets to the opening World Cup match between Bosnia and Herzegovina and Canada, and she has family travelling from Sarajevo to Toronto for a special reunion. This will be the first time a lot of them are together since Kapo was a toddler.

Kapo says she’ll be happy either way on the match outcome between her two countries, hoping they can both make it out of the group stage, which also includes Switzerland and Qatar.

How to cheer: As the general director of the Bosnian-Canadian Association, Kapo is helping organize a march in co-ordination with FIFA that fans attending the game can take part in on their way to the BMO Field. A watch party will also be held at Anapilis Hall in Mississauga for those who won’t be watching the game in person.

Bosnians are known to have coffee and cigarettes during games and pita, known as burek, which is a pastry that’s hand-stitched from phyllo dough. There are different types, such as Sirnica, filled with cheese. Burek is filled with spiced ground meat and onions, while Krompiruša is filled with diced potatoes and onions.

For Kapo, seeing her country back on the World Cup stage is what she’s most proud of.

“The world finally gets to see the beauty that is my home country,"" she said, ""and the beauty that is our people and the hospitality and respect and love that we really truly have to share with the world."""
Brazil	Brazil	C	Graphic designer Allan Gomes, 36.	Brazil, the most successful nation in World Cup history, has won the event five times. They are the only country to participate in every single tournament since its inception in 1930. Brazil has a population of 213.5 million people and is the largest country in South America. An estimated 143,500 Brazilians live in Canada.	"Gomes has never been to a country that's hosting the World Cup.

When Brazil hosted the soccer tournament in 2014, Gomes missed out on the excitement in his home country as he lived in Ireland at the time. It didn’t have the same magic as if he were home to witness it.

“It was different, it wasn't loud,” said Gomes. “If you are in Brazil, Brazil's core is you just hear everyone. On their window, singing and shouting, screaming. You feel the floor vibrate. Everyone is watching that.

“It wasn't a party like I was used to.”

Despite having some friends with him in Europe to provide a taste of the Brazilian community during that time, he was still stuck watching games in pubs.

Growing up in Brazil, Gomes remembers the energy of the country during the World Cup. He recalls having to wake up early to catch games, going to parties with friends and family, and even dancing on the street with his parents during the 1998 World Cup in France.

“When Brazil wins, we just go out on streets and on trucks, shouting and singing. Shouting for Brazil,” said Gomes. “I think it's kind of a mixture of carnival and celebration for soccer.”

Now living in Toronto, he’s ready to experience the World Cup up close.

“It's going to be my first time being in a country where the World Cup is happening,” said Gomes, looking forward to watch parties and cultural events in his community. “Let's see how it goes.”"	"For local fans, it would be difficult to travel through Little Portugal and not find a place to cheer. And if the team really goes on a run this year, the annual Brazilfest at Earlscourt Park just happens to coincide with championship weekend.

Gomes will gear up supporting Sociedade Esportiva Palmeiras, commonly known as Palmeiras — a Brazilian professional football club based in the city of São Paul — with his special green hat and socks to represent his favourite team from his home country.

Despite Brazil experiencing political unrest and a general election in the fall, Gomes is ready for the unity of soccer.

“I think there is a lot of polarity on our community because of politics and everything. So when the World Cup starts, it's the time that everyone has the same blood and everyone cheers for the same thing.”"				./images/Brazil/sp-wcup-brazil.jpg		4000	2666			./images/Brazil/sp-wcup-brazil.jpg	"The fan: Graphic designer Allan Gomes, 36.

The country: Brazil, the most successful nation in World Cup history, has won the event five times. They are the only country to participate in every single tournament since its inception in 1930. Brazil has a population of 213.5 million people and is the largest country in South America. An estimated 143,500 Brazilians live in Canada.

Why he cheers: Gomes has never been to a country that's hosting the World Cup.

When Brazil hosted the soccer tournament in 2014, Gomes missed out on the excitement in his home country as he lived in Ireland at the time. It didn’t have the same magic as if he were home to witness it.

“It was different, it wasn't loud,” said Gomes. “If you are in Brazil, Brazil's core is you just hear everyone. On their window, singing and shouting, screaming. You feel the floor vibrate. Everyone is watching that.

“It wasn't a party like I was used to.”

Despite having some friends with him in Europe to provide a taste of the Brazilian community during that time, he was still stuck watching games in pubs.

Growing up in Brazil, Gomes remembers the energy of the country during the World Cup. He recalls having to wake up early to catch games, going to parties with friends and family, and even dancing on the street with his parents during the 1998 World Cup in France.

“When Brazil wins, we just go out on streets and on trucks, shouting and singing. Shouting for Brazil,” said Gomes. “I think it's kind of a mixture of carnival and celebration for soccer.”

Now living in Toronto, he’s ready to experience the World Cup up close.

“It's going to be my first time being in a country where the World Cup is happening,” said Gomes, looking forward to watch parties and cultural events in his community. “Let's see how it goes.”

How to cheer: For local fans, it would be difficult to travel through Little Portugal and not find a place to cheer. And if the team really goes on a run this year, the annual Brazilfest at Earlscourt Park just happens to coincide with championship weekend.

Gomes will gear up supporting Sociedade Esportiva Palmeiras, commonly known as Palmeiras — a Brazilian professional football club based in the city of São Paul — with his special green hat and socks to represent his favourite team from his home country.

Despite Brazil experiencing political unrest and a general election in the fall, Gomes is ready for the unity of soccer.

“I think there is a lot of polarity on our community because of politics and everything. So when the World Cup starts, it's the time that everyone has the same blood and everyone cheers for the same thing.”"
Canada	Canada	B	Dwayne De Rosario, retired Canadian soccer star, 48.	Canada. This is the country's third trip to the FIFA World Cup and the first time it will co-host the event. They are yet to win a game at the group stage; they didn’t score at all in 1986, but were far more competitive in 2022. The FIFA rankings have Canada at 30th in the world, just off its all-time high of 26 in September 2025, and well above its all-time low of 122nd in 2014.	"De Rosario said soccer is in his blood thanks to a family that long embraced the Beautiful Game. Growing up in Scarborough to a family of Guyanese immigrants, his most loved player was Brazilian legend Pele.

“I was kicking in my mom’s stomach and I haven’t stopped,” said De Rosario. “When I was a baby, and growing up, I went to my dad’s matches. My brothers played it. They loved it. That passion leaked into my veins. You’re running on the field, kicking the ball around, and then it just becomes an everyday activity.”

Playing youth soccer with the Scarborough Blizzard and Malvern Majors, he turned down an offer to join AC Milan’s academy at 15. He eventually turned pro at 17 with the Toronto Lynx, embarking on a 22-year career through European and North American leagues.

He also represented Canada 88 times — tied with Julian de Guzman for second-most appearances all time for the national men’s team. He scored 22 goals, third most by a Canadian male internationally.

The Canadian Sports Hall of Famer was part of a generation of players that helped bring the sport from its niche spot to the mainstream.

“It was rewarding to know that I ended up doing what I love to do,” said De Rosario. “It never ever felt like a job. It felt like another day at the playground with a bunch of friends. And it opened my eyes to the world, travelling to play football.”"	"De Rosario plans to attend each of Canada’s games, whether in Toronto or Vancouver.

“It’s going to be extremely special and I don’t think there’s words I can use to express how I’m going to feel that day,” said De Rosario. “It’s a dream come true. It’s going to be emotional, it’s going to be all emotions because it’s crazy to think we’re in a time and space where Canada is hosting the World Cup.

“To witness that, to know kids that have dreams and aspirations to play the sport and love the sport. The highest level of our sport is in our backyard. It’s surreal, to be honest.”

Canadian fans won’t be at risk of missing a game. Toronto is blanketed with FIFA flags. There are watch parties, some organized by the city, some by bars, and then there is Canada Soccer House, Soccer Canada's official fan location at the Harbourfront Centre. And Canada’s games will be on just about every television in the country, via CTV, TSN and Crave.

“There are so many pubs, restaurants, communities, it’s going to bring the game to a level we’ve never witnessed before I this country,” said De Rosario. “It’s my job to make sure that hunger, that desire, that appetite stays fresh after the World Cup is gone.”"				./images/Canada/2026-05-28 - Linksports - De Rosario and Monadjem1.JPG	./images/Canada/CPT111270808.JPG	5290	3527	2179	2880	./images/Canada/2026-05-28 - Linksports - De Rosario and Monadjem1.JPG|./images/Canada/CPT111270808.JPG	"The fan: Dwayne De Rosario, retired Canadian soccer star, 48.

Cheering for: Canada. This is the country's third trip to the FIFA World Cup and the first time it will co-host the event. They are yet to win a game at the group stage; they didn’t score at all in 1986, but were far more competitive in 2022. The FIFA rankings have Canada at 30th in the world, just off its all-time high of 26 in September 2025, and well above its all-time low of 122nd in 2014.

Why he's cheering: De Rosario said soccer is in his blood thanks to a family that long embraced the Beautiful Game. Growing up in Scarborough to a family of Guyanese immigrants, his most loved player was Brazilian legend Pele.

“I was kicking in my mom’s stomach and I haven’t stopped,” said De Rosario. “When I was a baby, and growing up, I went to my dad’s matches. My brothers played it. They loved it. That passion leaked into my veins. You’re running on the field, kicking the ball around, and then it just becomes an everyday activity.”

Playing youth soccer with the Scarborough Blizzard and Malvern Majors, he turned down an offer to join AC Milan’s academy at 15. He eventually turned pro at 17 with the Toronto Lynx, embarking on a 22-year career through European and North American leagues.

He also represented Canada 88 times — tied with Julian de Guzman for second-most appearances all time for the national men’s team. He scored 22 goals, third most by a Canadian male internationally.

The Canadian Sports Hall of Famer was part of a generation of players that helped bring the sport from its niche spot to the mainstream.

“It was rewarding to know that I ended up doing what I love to do,” said De Rosario. “It never ever felt like a job. It felt like another day at the playground with a bunch of friends. And it opened my eyes to the world, travelling to play football.”

How to cheer: De Rosario plans to attend each of Canada’s games, whether in Toronto or Vancouver.

“It’s going to be extremely special and I don’t think there’s words I can use to express how I’m going to feel that day,” said De Rosario. “It’s a dream come true. It’s going to be emotional, it’s going to be all emotions because it’s crazy to think we’re in a time and space where Canada is hosting the World Cup.

“To witness that, to know kids that have dreams and aspirations to play the sport and love the sport. The highest level of our sport is in our backyard. It’s surreal, to be honest.”

Canadian fans won’t be at risk of missing a game. Toronto is blanketed with FIFA flags. There are watch parties, some organized by the city, some by bars, and then there is Canada Soccer House, Soccer Canada's official fan location at the Harbourfront Centre. And Canada’s games will be on just about every television in the country, via CTV, TSN and Crave.

“There are so many pubs, restaurants, communities, it’s going to bring the game to a level we’ve never witnessed before I this country,” said De Rosario. “It’s my job to make sure that hunger, that desire, that appetite stays fresh after the World Cup is gone.”"
Cape Verde	Cape-Verde	H	Bookkeeper Mike Andrade, 36	Cape Verde, a country of around 524,000 situated off the coast of west Africa. There are 250 people of Cape Verdean heritage in Canada and 150 located in Toronto. This is their first ever World Cup appearance.	"The tournament is an opportunity for Andrade to get closer to his father's heritage and learn more about his lineage.

When his father turned 18 years old in the 1960s, Cape Verde was in the middle of a 13-year war for independence under Portuguese colonial rule. At the time, it was mandatory for men to enlist in the military, so Andrade’s father instead fled for a better life to Europe. He’d work on a shipping boat, living in a few different countries, before the ship made a stop in Montreal.

“My Dad got sick, so he was hospitalized in Montreal, but the boat had to leave, so he ended up just staying in Canada. Eventually, he found his way to Toronto and then ended up meeting my Mom,” said Andrade.

He remembers visiting the island when he was 10 years old and witnessing an emotional reunion between his father and aunt, who had met again for the first time since he fled as a teenager.

“My dad doesn't cry that often, so I think that's what hit me the most,” said Andrade.

The Toronto native didn’t think in his lifetime that he’d see Cape Verde in a World Cup. Fifteen years ago, he couldn’t even find store selling a national team jersey online that would ship to Canada. It's one of the smallest nations set to debut in the tournament.

The expanded format of the World Cup has made it easier for smaller nations to qualify for the big tournament. The 2022 World Cup in Qatar saw 32 teams compete, as this will be the first year it expands to 48 teams after FIFA announced the decision to increase the field in 2017.

""To any Cape Verdean, they feel as if Cape Verde won the World Cup just by being there,"" said Andrade. ""That's how massive this is and that's definitely the way I look at it ... It is incredible that they are even in the World Cup.""

As he’s gotten older, Andrade has been eager to learn more about his Cape Verdean roots. During their World Cup run, it allowed him to closely follow the national team as he kept track of the dates of their qualification games and watched them intensely.

“At some point, I remember looking at the standing of their group and thinking like, ‘Oh my God, they might actually make it!’ ” said Andrade.

In September, Andrade made sure he scheduled his day around watching Cape Verde try and inch one step closer to qualification. They needed a miracle against powerhouse Cameroon — a nation that holds the record for most World Cup appearances by an African nation with eight — and got it.

Despite ranking 22 places below Cameroon in international rankings, a stunning 1-0 win put them in a prime position to make their first-ever World Cup.

“It was a huge upset,” said Andrade. “When they scored, everyone in the stadium obviously freaked out. After the game, they ran onto the field, which they were told not to do afterwards, but they were just so filled with joy. That was probably a day where I had never felt more proud to have Cape Verde roots.”"	Andrade won't be in Toronto himself; he will be flying to Houston to watch the country’s debut in the World Cup against Saudi Arabia. But those who want to cheer for the island nature can visit Toronto official FIFA Fan Festival, where the team plays Uruguay on Sunday, June 21 at 6 p.m.		./images/Cape-Verde/video/slomo.mp4	./images/Cape-Verde/video/slomo.mp4	./images/Cape-Verde/LM_042126_soccer1.JPG	./images/Cape-Verde/LM_042126_soccer2.JPG	8192	5464	8192	5464	./images/Cape-Verde/LM_042126_soccer1.JPG|./images/Cape-Verde/LM_042126_soccer2.JPG|./images/Cape-Verde/LM_042126_soccer3.JPG|./images/Cape-Verde/LM_042126_soccer4.JPG|./images/Cape-Verde/LM_042126_soccer5.JPG|./images/Cape-Verde/LM_042126_soccer6.JPG|./images/Cape-Verde/LM_042126_soccer7.JPG|./images/Cape-Verde/LM_042126_soccer8.JPG|./images/Cape-Verde/LM_042126_soccer9.JPG|./images/Cape-Verde/LM_042126_soccer10.JPG|./images/Cape-Verde/LM_042126_soccer11.JPG	"The fan: Bookkeeper Mike Andrade, 36

Cheering for: Cape Verde, a country of around 524,000 situated off the coast of west Africa. There are 250 people of Cape Verdean heritage in Canada and 150 located in Toronto. This is their first ever World Cup appearance.

Why he's cheering: The tournament is an opportunity for Andrade to get closer to his father's heritage and learn more about his lineage.

When his father turned 18 years old in the 1960s, Cape Verde was in the middle of a 13-year war for independence under Portuguese colonial rule. At the time, it was mandatory for men to enlist in the military, so Andrade’s father instead fled for a better life to Europe. He’d work on a shipping boat, living in a few different countries, before the ship made a stop in Montreal.

“My Dad got sick, so he was hospitalized in Montreal, but the boat had to leave, so he ended up just staying in Canada. Eventually, he found his way to Toronto and then ended up meeting my Mom,” said Andrade.

He remembers visiting the island when he was 10 years old and witnessing an emotional reunion between his father and aunt, who had met again for the first time since he fled as a teenager.

“My dad doesn't cry that often, so I think that's what hit me the most,” said Andrade.

The Toronto native didn’t think in his lifetime that he’d see Cape Verde in a World Cup. Fifteen years ago, he couldn’t even find store selling a national team jersey online that would ship to Canada. It's one of the smallest nations set to debut in the tournament.

The expanded format of the World Cup has made it easier for smaller nations to qualify for the big tournament. The 2022 World Cup in Qatar saw 32 teams compete, as this will be the first year it expands to 48 teams after FIFA announced the decision to increase the field in 2017.

""To any Cape Verdean, they feel as if Cape Verde won the World Cup just by being there,"" said Andrade. ""That's how massive this is and that's definitely the way I look at it ... It is incredible that they are even in the World Cup.""

As he’s gotten older, Andrade has been eager to learn more about his Cape Verdean roots. During their World Cup run, it allowed him to closely follow the national team as he kept track of the dates of their qualification games and watched them intensely.

“At some point, I remember looking at the standing of their group and thinking like, ‘Oh my God, they might actually make it!’ ” said Andrade.

In September, Andrade made sure he scheduled his day around watching Cape Verde try and inch one step closer to qualification. They needed a miracle against powerhouse Cameroon — a nation that holds the record for most World Cup appearances by an African nation with eight — and got it.

Despite ranking 22 places below Cameroon in international rankings, a stunning 1-0 win put them in a prime position to make their first-ever World Cup.

“It was a huge upset,” said Andrade. “When they scored, everyone in the stadium obviously freaked out. After the game, they ran onto the field, which they were told not to do afterwards, but they were just so filled with joy. That was probably a day where I had never felt more proud to have Cape Verde roots.”

How you can cheer: Andrade won't be in Toronto himself; he will be flying to Houston to watch the country’s debut in the World Cup against Saudi Arabia. But those who want to cheer for the island nature can visit Toronto official FIFA Fan Festival, where the team plays Uruguay on Sunday, June 21 at 6 p.m."
Colombia	Colombia	K	TSN host Camila Gonzalez, 28.	Colombia, located in South America with a massive population of about 53 million, will make their seventh World Cup appearance and first since 2018. There are about 17,365 Colombians living in Toronto. The country's best finish in the tournament was in 2014 when they reached the quarterfinals.	"Gonzalez, originally from Colombia, moved to Canada when she was three years old and always saw how soccer was a contentious talking point in family gatherings, dividing those she loved most with their support of two teams from their hometown of Medellín.
 
“I can't even remember a childhood memory where that wasn't a conversation about Athletico Nacional or Independiente Medellín,” said Gonzalez.
 
After three consecutive World Cup appearances in 1990, 1994 and 1998, there was a 16-year dry spell for the national team. As a kid, Gonzalez didn’t know what it was like watching her homeland compete on the global stage.
 
It wasn’t until 2010, when Colombian singer, songwriter and dancer Shakira took over the global spotlight with one of the most memorable World Cup anthems, “Waka Waka (This Time for Africa)” ahead of the tournament in South Africa, where that started to change. Despite not having a team represented, Colombians felt like they were part of the World Cup, and it was the first time Gonzalez watched it closely.
 
“I remember going to school and people wouldn't know … the music that we listened to. People wouldn't know the food that I was bringing to school. People didn't really know anything about Colombia,” said Gonzalez. “(Shakira) breaking in and representing Colombia on that international stage was something that made boys and girls of my age believe like, ‘OK, we can do something bigger than just our community.’”
 
Colombia returned in the next World Cup in 2014, reaching the quarterfinal stage before falling to Brazil. Gonzalez fondly recalls the tournament. She remembers getting into trouble at school for proudly wearing her Colombia jersey, which was against the uniform rules. And how whenever the team would score they would salsa choke, a vibrant dance that originated in Cali, a city on the Pacific coast of Colombia known as the salsa capital of the world.
 
Seeing the joy, pride and happiness on the field and in the stands meant so much to Gonzalez, who says her parents stopped watching soccer when violence occurred after the 1994 World Cup when centre-back Andrés Escobar was murdered just days after scoring an own goal that eliminated Colombia from the tournament.
 
“Twenty years later it was kind of like a glimmer of hope,"" Gonzalez said. ""The national team was nice to watch again.""
 
Before that World Cup, Gonzalez travelled to 15 different countries for a TSN series called “Game and Glory.
 
While in a small town during one of the women’s team games, she witnessed how dozens of fans pulled up with plastic chairs outside the only coffee shop with a TV that was streaming the game.
 
Colombians will always show up to watch the national team, no matter what. During a 2016 Copa America match in Chicago against Chile, the game was paused due to a tornado warning as fans hid inside bathrooms for about an hour. Once it was over, they all returned to their seats."	"It wouldn’t be a World Cup match without Colombians taking shots of Aguardiente or Guaro, a popular hard liquor in Colombia, flavoured with anise. Food must include Colombian empanadas with aji, a spicy Colombian hot sauce.
 
Gonzalez says most Canadians are used to empanadas from Argentina and Chile, but their version is made with corn flour and is deep fried, not once, but twice. Personally, she’ll be skipping out on eating as the anxiety will be on another level.
 
A large group of Colombian soccer fans are expected to gather in Mississauga at Golf On Lounge to watch games. Their group includes Portugal, DR Congo and Uzbekistan, who they open the tournament against on June 17.
 
“Winning the World Cup would change, I think, generations to come,” said Gonzalez. ""It would inspire even more kids to join the sport. I think it would probably bring in a significant amount of funding to grassroots programs in the country. It would be mind-blowing. I get emotional even thinking about what that would mean for the country.”"		./images/Colombia/video/slomo.mp4	./images/Colombia/video/slomo.mp4	./images/Colombia/01_NL_Colombia fan Camila Gonzalez_0009.JPG	./images/Colombia/02_NL_Colombia fan Camila Gonzalez_0006.JPG	6000	4000	4985	3323	./images/Colombia/01_NL_Colombia fan Camila Gonzalez_0009.JPG|./images/Colombia/02_NL_Colombia fan Camila Gonzalez_0006.JPG|./images/Colombia/chant/NL_Colombia fan Camila Gonzalez_0001.JPG|./images/Colombia/NL_Colombia fan Camila Gonzalez_0002.JPG|./images/Colombia/NL_Colombia fan Camila Gonzalez_0003.JPG|./images/Colombia/NL_Colombia fan Camila Gonzalez_0004.JPG|./images/Colombia/NL_Colombia fan Camila Gonzalez_0005.JPG|./images/Colombia/NL_Colombia fan Camila Gonzalez_0007.JPG|./images/Colombia/NL_Colombia fan Camila Gonzalez_0008.JPG|./images/Colombia/NL_Colombia fan Camila Gonzalez_0010.JPG|./images/Colombia/NL_Colombia fan Camila Gonzalez_0011.JPG|./images/Colombia/NL_Colombia fan Camila Gonzalez_0012.JPG|./images/Colombia/NL_Colombia fan Camila Gonzalez_0013.JPG|./images/Colombia/NL_Colombia fan Camila Gonzalez_0014.JPG|./images/Colombia/NL_Colombia fan Camila Gonzalez_0015.JPG|./images/Colombia/NL_Colombia fan Camila Gonzalez_0016.JPG	"The fan: TSN host Camila Gonzalez, 28.
 
The country: Colombia, located in South America with a massive population of about 53 million, will make their seventh World Cup appearance and first since 2018. There are about 17,365 Colombians living in Toronto. The country's best finish in the tournament was in 2014 when they reached the quarterfinals.
 
Why she cheers: Gonzalez, originally from Colombia, moved to Canada when she was three years old and always saw how soccer was a contentious talking point in family gatherings, dividing those she loved most with their support of two teams from their hometown of Medellín.
 
“I can't even remember a childhood memory where that wasn't a conversation about Athletico Nacional or Independiente Medellín,” said Gonzalez.
 
After three consecutive World Cup appearances in 1990, 1994 and 1998, there was a 16-year dry spell for the national team. As a kid, Gonzalez didn’t know what it was like watching her homeland compete on the global stage.
 
It wasn’t until 2010, when Colombian singer, songwriter and dancer Shakira took over the global spotlight with one of the most memorable World Cup anthems, “Waka Waka (This Time for Africa)” ahead of the tournament in South Africa, where that started to change. Despite not having a team represented, Colombians felt like they were part of the World Cup, and it was the first time Gonzalez watched it closely.
 
“I remember going to school and people wouldn't know … the music that we listened to. People wouldn't know the food that I was bringing to school. People didn't really know anything about Colombia,” said Gonzalez. “(Shakira) breaking in and representing Colombia on that international stage was something that made boys and girls of my age believe like, ‘OK, we can do something bigger than just our community.’”
 
Colombia returned in the next World Cup in 2014, reaching the quarterfinal stage before falling to Brazil. Gonzalez fondly recalls the tournament. She remembers getting into trouble at school for proudly wearing her Colombia jersey, which was against the uniform rules. And how whenever the team would score they would salsa choke, a vibrant dance that originated in Cali, a city on the Pacific coast of Colombia known as the salsa capital of the world.
 
Seeing the joy, pride and happiness on the field and in the stands meant so much to Gonzalez, who says her parents stopped watching soccer when violence occurred after the 1994 World Cup when centre-back Andrés Escobar was murdered just days after scoring an own goal that eliminated Colombia from the tournament.
 
“Twenty years later it was kind of like a glimmer of hope,"" Gonzalez said. ""The national team was nice to watch again.""
 
Before that World Cup, Gonzalez travelled to 15 different countries for a TSN series called “Game and Glory.
 
While in a small town during one of the women’s team games, she witnessed how dozens of fans pulled up with plastic chairs outside the only coffee shop with a TV that was streaming the game.
 
Colombians will always show up to watch the national team, no matter what. During a 2016 Copa America match in Chicago against Chile, the game was paused due to a tornado warning as fans hid inside bathrooms for about an hour. Once it was over, they all returned to their seats.
 
How to cheer: It wouldn’t be a World Cup match without Colombians taking shots of Aguardiente or Guaro, a popular hard liquor in Colombia, flavoured with anise. Food must include Colombian empanadas with aji, a spicy Colombian hot sauce.
 
Gonzalez says most Canadians are used to empanadas from Argentina and Chile, but their version is made with corn flour and is deep fried, not once, but twice. Personally, she’ll be skipping out on eating as the anxiety will be on another level.
 
A large group of Colombian soccer fans are expected to gather in Mississauga at Golf On Lounge to watch games. Their group includes Portugal, DR Congo and Uzbekistan, who they open the tournament against on June 17.
 
“Winning the World Cup would change, I think, generations to come,” said Gonzalez. ""It would inspire even more kids to join the sport. I think it would probably bring in a significant amount of funding to grassroots programs in the country. It would be mind-blowing. I get emotional even thinking about what that would mean for the country.”"
Croatia	Croatia	L	Maintenance manager and corporate paralegal Goran Penava and Ana Katalinic, 59.	Croatia, a country that has established itself as a powerhouse nation, finishing in third place in 2022 and falling just short in 2018 in the championship game in 2018 against France. This will be their seventh World Cup appearance since 1998, missing only the 2010 tournament. There are about 12,20 people of Croatian origin living in Toronto.	"Months before Toronto was set to host its first World Cup match was set to take place in Toronto, it was hard not to spot two of the biggest Croatian fans celebrating at the city’s 100-day kick-off event for the global tournament.
 
Decked out from head to toe in Croatian gear, the TK-year couple of Goran Penava and Ana Katalinic could be spotted by everyone in attendance in checkered red, blue and white hats, giant foam fingers and jerseys. Mayor Olivia Chow even had to stop and greet them to take a photo.
 
“The jerseys, the checkers … it’s a brand now,” said Katalinic. “It's not just the national identity. Whenever you see checkerboard and soccer, boom, you know it's Croatia.”
 
“I want to jump as high as I can so everybody can see me,” added Penava, whose father even passed down his national team scarf when he died so Penava could always carry him with them.
 
As a little kid, Penava loved playing soccer back home, using rocks and stones and setting them up as a net. He and a wave of Croatians moved to Canada in 1988, just before Yugoslavia’s decade-long war in the early 1990s, due to the country’s struggling economy and for a better life.
 
When he came to Canada in 1988, Penava was eager to find a similar community of Croatian soccer lovers to the one he had back home and it wasn't that hard. Years prior, the Toronto Metro Croatia team — founded by the Croatian diaspora community in Toronto in 1956 — won the North American Soccer League, which was the top league in the United States and Canada from 1968 to 1984. Penava himself played in leagues as he stayed involved with community soccer events.
 
When Croatia qualified for its first World Cup in 1998 and stunned everyone by finishing in third place, it was a historic moment for a country that was still recovering and establishing itself after years of war.
 
“Croatia was just sort of a ‘Wow, where did they come from?’ ” said Katalinic.
 
Both Katalinic and Penava met on a blind date that was set up by their friends in TK. Their love for Croatian soccer never needed to be discussed; it was already ingrained in them. In 2018, they were both in Zagreb, Croatia, watching their country on a big screen TV when they battled France for glory.
 
It felt like they needed a defibrillator when the game ended in penalties and France won.
 
“You could have heard a pin drop in the city,” recalls Katalinic. People were just like, frozen watching.”
 
Despite the loss, the Croatian team flew in from Moscow following the tournament to a heroic welcome with nearly half a million people in attendance — roughly one-tenth of the country's population — marking one of the largest public gatherings in their history."	"Penava and Katalinic will have friends and family from across the world coming to Canada to support Croatia, as they plan to get together with other local Croatians to watch games at Croatian Parish Park in Mississauga.
 
A large grill is expected with a variety of dishes like ćevapi, which are spiced meat kebabs, pljeskavica, a burger patty and ražnjići, which are skewers. Red wine and beer will likely be the drinks in hand.
 
Penava will be attending Croatia’s second World Cup group stage match in Toronto when they face Panama. Katalinic jokes that he sounds like an angry truck driver while watching games.
 
His hero is Luka Modrić, the captain of the Croatia’s national team. He’s considered one of the greatest midfielders of all-time and the best Croatian player ever. Penava will watch him play in what is most likely his final World Cup.
 
With how close the team has gotten in their past two World Cup appearances, the expectations are high for Croatia to get over the hump and make history.
 
“For us, picture it being carved into stone,” said Katalinic on what it would mean if Croatia won the World Cup. “All of these victories, one by one, they slowly become etched into the identity of Croatia.”"				./images/Croatia/rpj_FIFA_fans_Croatia_001.JPG	./images/Croatia/rpj_FIFA_fans_Croatia_002.JPG	6000	4000	4000	6000	./images/Croatia/rpj_FIFA_fans_Croatia_001.JPG|./images/Croatia/rpj_FIFA_fans_Croatia_002.JPG|./images/Croatia/rpj_FIFA_fans_Croatia_003.JPG	"The fans: Maintenance manager and corporate paralegal Goran Penava and Ana Katalinic, 59.
 
Cheering for: Croatia, a country that has established itself as a powerhouse nation, finishing in third place in 2022 and falling just short in 2018 in the championship game in 2018 against France. This will be their seventh World Cup appearance since 1998, missing only the 2010 tournament. There are about 12,20 people of Croatian origin living in Toronto.
 
Why they’re cheering: Months before Toronto was set to host its first World Cup match was set to take place in Toronto, it was hard not to spot two of the biggest Croatian fans celebrating at the city’s 100-day kick-off event for the global tournament.
 
Decked out from head to toe in Croatian gear, the TK-year couple of Goran Penava and Ana Katalinic could be spotted by everyone in attendance in checkered red, blue and white hats, giant foam fingers and jerseys. Mayor Olivia Chow even had to stop and greet them to take a photo.
 
“The jerseys, the checkers … it’s a brand now,” said Katalinic. “It's not just the national identity. Whenever you see checkerboard and soccer, boom, you know it's Croatia.”
 
“I want to jump as high as I can so everybody can see me,” added Penava, whose father even passed down his national team scarf when he died so Penava could always carry him with them.
 
As a little kid, Penava loved playing soccer back home, using rocks and stones and setting them up as a net. He and a wave of Croatians moved to Canada in 1988, just before Yugoslavia’s decade-long war in the early 1990s, due to the country’s struggling economy and for a better life.
 
When he came to Canada in 1988, Penava was eager to find a similar community of Croatian soccer lovers to the one he had back home and it wasn't that hard. Years prior, the Toronto Metro Croatia team — founded by the Croatian diaspora community in Toronto in 1956 — won the North American Soccer League, which was the top league in the United States and Canada from 1968 to 1984. Penava himself played in leagues as he stayed involved with community soccer events.
 
When Croatia qualified for its first World Cup in 1998 and stunned everyone by finishing in third place, it was a historic moment for a country that was still recovering and establishing itself after years of war.
 
“Croatia was just sort of a ‘Wow, where did they come from?’ ” said Katalinic.
 
Both Katalinic and Penava met on a blind date that was set up by their friends in TK. Their love for Croatian soccer never needed to be discussed; it was already ingrained in them. In 2018, they were both in Zagreb, Croatia, watching their country on a big screen TV when they battled France for glory.
 
It felt like they needed a defibrillator when the game ended in penalties and France won.
 
“You could have heard a pin drop in the city,” recalls Katalinic. People were just like, frozen watching.”
 
Despite the loss, the Croatian team flew in from Moscow following the tournament to a heroic welcome with nearly half a million people in attendance — roughly one-tenth of the country's population — marking one of the largest public gatherings in their history.
 
How to cheer: Penava and Katalinic will have friends and family from across the world coming to Canada to support Croatia, as they plan to get together with other local Croatians to watch games at Croatian Parish Park in Mississauga.
 
A large grill is expected with a variety of dishes like ćevapi, which are spiced meat kebabs, pljeskavica, a burger patty and ražnjići, which are skewers. Red wine and beer will likely be the drinks in hand.
 
Penava will be attending Croatia’s second World Cup group stage match in Toronto when they face Panama. Katalinic jokes that he sounds like an angry truck driver while watching games.
 
His hero is Luka Modrić, the captain of the Croatia’s national team. He’s considered one of the greatest midfielders of all-time and the best Croatian player ever. Penava will watch him play in what is most likely his final World Cup.
 
With how close the team has gotten in their past two World Cup appearances, the expectations are high for Croatia to get over the hump and make history.
 
“For us, picture it being carved into stone,” said Katalinic on what it would mean if Croatia won the World Cup. “All of these victories, one by one, they slowly become etched into the identity of Croatia.”"
Cura�ao	Cura�ao	E	Data analyst James Roseborough, 42.	Curacao is making its first World Cup appearance, becoming the smallest nation to qualify for the tournament. Part of the Kingdom of the Netherlands, Curacao is in the southern Caribbean Sea off the Venezuelan coast and has a population of 158,000.	"Roseborough never had a team to cheer for in the World Cup.

Despite growing up in Toronto playing house-league soccer through high school, he wasn't a Canada fan, and never felt the passion he saw in his friends who supported other countries.

“I've got a little Ukrainian in me, a little German in me. A little English, Scottish, Irish. I'm a mix of everything,” said Roseborough. “And so when I can, I cling on to those countries just to support somebody. But I don't really have a team.”

He wanted to feel that passion this time around, and so decided to cheer for a lesser-known country: Curacao. “I'm sort of getting on board with them and supporting Curacao because they're such a small country and it's so amazing that they're in it,” said Roseborough.

Roseborough found his passion for Curacao by chance. He was planning a Caribbean trip in April and picked the small island he remembered seeing on TV. He timed his trip to coincide King’s Day, a major Dutch national holiday that honours King Willem-Alexander’s birthday. Curacao hosted a street festival with live music, markets, traditional Dutch games and food stalls. Roseborough saw tons of people celebrating and fell in love with the culture.

“That passion that they all have kind of got me hooked,” said Roseborough. “If I'm going to support somebody this World Cup, I think I'm really on board to support them.”

As the World Cup comes to Toronto, Roseborough will wear his custom Curacao T-shirt, since he says it was impossible to find a jersey of his adopted national team. “There's not a lot of Curacaoan sports bars in the city, but I'm gonna do what I can to get out and find places that are putting those games on TV just to watch with friends and other fans.”"	"Curacao is tiny enough that you won't likely see a big gathering of national supporters in the city — the stadium in Houston, where the Blue Wave play their first game, could hold about one half of the nation's entire population. But if you are pulling for the ultimate underdog, they will make an appearance on the FIFA Fan Fest's big screen when they play Ecuador on June 20.

This place had a Super Bowl viewing party. could be an option: https://www.instagram.com/hutchiecatering/?hl=en"				./images/Curaçao/sp-wcup-curacao.jpg		1135	760			./images/Curaçao/sp-wcup-curacao.jpg	"The fan: Data analyst James Roseborough, 42.

Cheering for: Curacao is making its first World Cup appearance, becoming the smallest nation to qualify for the tournament. Part of the Kingdom of the Netherlands, Curacao is in the southern Caribbean Sea off the Venezuelan coast and has a population of 158,000.

Why he's cheering: Roseborough never had a team to cheer for in the World Cup.

Despite growing up in Toronto playing house-league soccer through high school, he wasn't a Canada fan, and never felt the passion he saw in his friends who supported other countries.

“I've got a little Ukrainian in me, a little German in me. A little English, Scottish, Irish. I'm a mix of everything,” said Roseborough. “And so when I can, I cling on to those countries just to support somebody. But I don't really have a team.”

He wanted to feel that passion this time around, and so decided to cheer for a lesser-known country: Curacao. “I'm sort of getting on board with them and supporting Curacao because they're such a small country and it's so amazing that they're in it,” said Roseborough.

Roseborough found his passion for Curacao by chance. He was planning a Caribbean trip in April and picked the small island he remembered seeing on TV. He timed his trip to coincide King’s Day, a major Dutch national holiday that honours King Willem-Alexander’s birthday. Curacao hosted a street festival with live music, markets, traditional Dutch games and food stalls. Roseborough saw tons of people celebrating and fell in love with the culture.

“That passion that they all have kind of got me hooked,” said Roseborough. “If I'm going to support somebody this World Cup, I think I'm really on board to support them.”

As the World Cup comes to Toronto, Roseborough will wear his custom Curacao T-shirt, since he says it was impossible to find a jersey of his adopted national team. “There's not a lot of Curacaoan sports bars in the city, but I'm gonna do what I can to get out and find places that are putting those games on TV just to watch with friends and other fans.”

How to cheer: Curacao is tiny enough that you won't likely see a big gathering of national supporters in the city — the stadium in Houston, where the Blue Wave play their first game, could hold about one half of the nation's entire population. But if you are pulling for the ultimate underdog, they will make an appearance on the FIFA Fan Fest's big screen when they play Ecuador on June 20.

This place had a Super Bowl viewing party. could be an option: https://www.instagram.com/hutchiecatering/?hl=en"
Czechia	Czechia	A	Coppersmith Andrew Peichl, 41.	The Czech Republic has had 10 previous appearances in the World Cup, with most of its appearances coming as part of Czechoslovakia, before the nation split with Slovakia. As an independent nation, this is its second appearance and its first since 2006. Located in Central Europe, about 4,120 people from Czechia reside in Toronto.	"Andrew Peichl was at summer camp in his family’s home country of the Czech Republic, also known as Czechia, when he watched the national team compete in the Euro finals against Germany in 1996. He was at summer camp, and everyone gathered inside the dining hall to watch the game go to penalties.

It’s a core memory for the 41 year old, who spent time with family in Czechia in the mid- to late '90s, often for two to four month spans. A lot of that time was spent with his cousins glued to the television screen watching soccer. Twenty years later, he gets to watch his country make its way to the World Cup.

“It doesn't even seem like it was that long ago,” he said.

The team has had bright spots, but those largely disappeared; Peichl says the fall of Communism after the 1999 Velvet Revolution might have affected things. His family fled Czechia and Communism in 1984, escaping to Austria and spending some of their time there at a refugee camp before coming to Canada.

He finally got to watch is team again in the 2006 World Cup at The Foggy Dew, which was a popular Irish pub on King Street. The Czech Republic opened the tournament against the United States; he remembers trash-talking an American during the match who was, unbeknownst to him, the bar's owner.

Peichl takes soccer seriously, playing twice a week, every Monday and Thursday, in Scarborough at Masaryktown with locals who have ties to Czechia and Slovakia. A bunch of them have played there since the '90.

“I’ve smashed my TV watching (Toronto F.C.),” he joked. “It’s probably my most intense passion in life, hobby-wise. I do (other) sports too, like rock climbing, skiing, that stuff, but I just love everything about it, the culture.”

Czechia’s World Cup group consists of South Korea, Mexico and South Africa. The national team is considered an underdog in their return to the World Cup, but Peichl thinks they have a shot at getting out of their group. Peichl says to keep an eye on striker Patrik Schick, who had a stunning goal in the UEFA Euro 2020 against Scotland."	"Peichl says that having a classic Pilsner beer is most common for supporters of Czechia during matches. A standard pork and dumplings is a go-to as well as sausages.

Peichl has plans to gather with a few friends to watch the games. A viewing party is being held at TK. He’s hesitant to get his hopes up, but is stoked to see how well they do and if they can surprise the world."				./images/Czechia/01_IMG_7314.jpg	./images/Czechia/02_IMG_7345.jpg	3000	4000	4000	3000	./images/Czechia/01_IMG_7314.jpg|./images/Czechia/02_IMG_7345.jpg|./images/Czechia/b_roll/IMG_7313.jpg|./images/Czechia/b_roll/IMG_7329.jpg	"The fan: Coppersmith Andrew Peichl, 41.

The country: The Czech Republic has had 10 previous appearances in the World Cup, with most of its appearances coming as part of Czechoslovakia, before the nation split with Slovakia. As an independent nation, this is its second appearance and its first since 2006. Located in Central Europe, about 4,120 people from Czechia reside in Toronto.

Why he cheers: Andrew Peichl was at summer camp in his family’s home country of the Czech Republic, also known as Czechia, when he watched the national team compete in the Euro finals against Germany in 1996. He was at summer camp, and everyone gathered inside the dining hall to watch the game go to penalties.

It’s a core memory for the 41 year old, who spent time with family in Czechia in the mid- to late '90s, often for two to four month spans. A lot of that time was spent with his cousins glued to the television screen watching soccer. Twenty years later, he gets to watch his country make its way to the World Cup.

“It doesn't even seem like it was that long ago,” he said.

The team has had bright spots, but those largely disappeared; Peichl says the fall of Communism after the 1999 Velvet Revolution might have affected things. His family fled Czechia and Communism in 1984, escaping to Austria and spending some of their time there at a refugee camp before coming to Canada.

He finally got to watch is team again in the 2006 World Cup at The Foggy Dew, which was a popular Irish pub on King Street. The Czech Republic opened the tournament against the United States; he remembers trash-talking an American during the match who was, unbeknownst to him, the bar's owner.

Peichl takes soccer seriously, playing twice a week, every Monday and Thursday, in Scarborough at Masaryktown with locals who have ties to Czechia and Slovakia. A bunch of them have played there since the '90.

“I’ve smashed my TV watching (Toronto F.C.),” he joked. “It’s probably my most intense passion in life, hobby-wise. I do (other) sports too, like rock climbing, skiing, that stuff, but I just love everything about it, the culture.”

Czechia’s World Cup group consists of South Korea, Mexico and South Africa. The national team is considered an underdog in their return to the World Cup, but Peichl thinks they have a shot at getting out of their group. Peichl says to keep an eye on striker Patrik Schick, who had a stunning goal in the UEFA Euro 2020 against Scotland.

How to cheer: Peichl says that having a classic Pilsner beer is most common for supporters of Czechia during matches. A standard pork and dumplings is a go-to as well as sausages.

Peichl has plans to gather with a few friends to watch the games. A viewing party is being held at TK. He’s hesitant to get his hopes up, but is stoked to see how well they do and if they can surprise the world."
DR Congo	DR-Congo	K	Sales manager Christian Kitadi, 39.	The Democratic Republic of the Congo, also known as Congo, returns to the World Cup for the first time since 1974. Approximately 33,110 people from the Central African nation reside in Canada, with 10,225 in Ontario.	"Christian Kitadi fell in love with watching Congo almost 30 years ago when the team made an improbable comeback against Burkina Faso in the African Cup of Nations (AFCON) bronze medal game.

The national team was down 4-1 in the last few minutes before storming back to tie the game, sending it to penalties, where they emerged victorious. It’s considered one of the greatest comebacks in AFCON history.

“That was when I really fell in love with the national team because that's when I started understanding sport, the passion behind it, the drive, and I remembered the emotions and the feelings,” said Kitadi.

The 39-year-old watched the game in Congo with family and friends and recalls the shock and disbelief on their faces. After that match, the streets were madness, fireworks went off and music was played until late in the night. Despite finishing in third, it was like they won it all.

Since that moment, Kitadi has supported the Congolese team through the ups, downs and many heartbreaks. He’s never witnessed the team in a World Cup until now.

“I don't have to cheer for other countries, I'm cheering for my home country,” he said.

According to FIFA, the last World Cup final had the highest viewership at about 1.4 billion. Kitadi said the global tournament is an opportunity for some people to learn about his country, who may not be able to locate it on a map.

Kitadi's family moved to Canada after a change in regime due to a fear of persecution from the new leadership.

“Even though we left, we still had the country at heart,” said Kitadi, who now tries to go back at least once a year and has a tattoo of the country map on his arm.

Along with Portugal, Congo’s group includes Colombia and Uzbekistan. Kitadi sees this World Cup as a chance for redemption for his country, which was mirrored in corruption allegations in 1974. Officials at the time allegedly withheld player bonuses and issued threats to the team — after losing 9-0 to Yugoslavia — to not lose to Brazil by four or more goals if they wanted to return to the country safely.

""It’s a redemption. That's what I am calling it,” said Kitadi. “To be able to redeem themselves and erase that bad history that they left behind.”"	"When Kitadi is watching a game, he enjoys having rice, cassava leaves (a Congolese staple), plus some fish and Ntaba, which is grilled goat. His drink of choice is Vital’O, a popular soft drink, and if it’s beer, he’ll have the popular Nkoyi.

Mississauga's Celebration Square is hosting a series of watch parties, including Congo games on the big screen June 17 and June 23.

Kitadi, though, will be on the road. He is using money out of his RRSP so he can buy tickets to watch his country play against Portugal to open up the World Cup. It’s an opportunity of a lifetime that Kitadi isn’t planning on missing.

He can’t wait to see how Congo fans — which he describes as loud, obnoxious and people who wear their emotions on their sleeves — pack stadiums in Houston, Atlanta and Mexico. For him, when the national anthem plays, it will really hit him that they made it.

Eight months ago, Kitadi placed a $150 bet on Bet360 of Congo winning the World Cup. If they win, he’ll win about $20,000.

“Pray for me,” he said."					./images/DR-Congo/7B516274-FA13-40FB-8C63-3ACFC34C8BE7.jpg			1089	1444	./images/DR-Congo/7B516274-FA13-40FB-8C63-3ACFC34C8BE7.jpg	"The fan: Sales manager Christian Kitadi, 39.

The country: The Democratic Republic of the Congo, also known as Congo, returns to the World Cup for the first time since 1974. Approximately 33,110 people from the Central African nation reside in Canada, with 10,225 in Ontario.

Why he cheers: Christian Kitadi fell in love with watching Congo almost 30 years ago when the team made an improbable comeback against Burkina Faso in the African Cup of Nations (AFCON) bronze medal game.

The national team was down 4-1 in the last few minutes before storming back to tie the game, sending it to penalties, where they emerged victorious. It’s considered one of the greatest comebacks in AFCON history.

“That was when I really fell in love with the national team because that's when I started understanding sport, the passion behind it, the drive, and I remembered the emotions and the feelings,” said Kitadi.

The 39-year-old watched the game in Congo with family and friends and recalls the shock and disbelief on their faces. After that match, the streets were madness, fireworks went off and music was played until late in the night. Despite finishing in third, it was like they won it all.

Since that moment, Kitadi has supported the Congolese team through the ups, downs and many heartbreaks. He’s never witnessed the team in a World Cup until now.

“I don't have to cheer for other countries, I'm cheering for my home country,” he said.

According to FIFA, the last World Cup final had the highest viewership at about 1.4 billion. Kitadi said the global tournament is an opportunity for some people to learn about his country, who may not be able to locate it on a map.

Kitadi's family moved to Canada after a change in regime due to a fear of persecution from the new leadership.

“Even though we left, we still had the country at heart,” said Kitadi, who now tries to go back at least once a year and has a tattoo of the country map on his arm.

Along with Portugal, Congo’s group includes Colombia and Uzbekistan. Kitadi sees this World Cup as a chance for redemption for his country, which was mirrored in corruption allegations in 1974. Officials at the time allegedly withheld player bonuses and issued threats to the team — after losing 9-0 to Yugoslavia — to not lose to Brazil by four or more goals if they wanted to return to the country safely.

""It’s a redemption. That's what I am calling it,” said Kitadi. “To be able to redeem themselves and erase that bad history that they left behind.”

How to cheer: When Kitadi is watching a game, he enjoys having rice, cassava leaves (a Congolese staple), plus some fish and Ntaba, which is grilled goat. His drink of choice is Vital’O, a popular soft drink, and if it’s beer, he’ll have the popular Nkoyi.

Mississauga's Celebration Square is hosting a series of watch parties, including Congo games on the big screen June 17 and June 23.

Kitadi, though, will be on the road. He is using money out of his RRSP so he can buy tickets to watch his country play against Portugal to open up the World Cup. It’s an opportunity of a lifetime that Kitadi isn’t planning on missing.

He can’t wait to see how Congo fans — which he describes as loud, obnoxious and people who wear their emotions on their sleeves — pack stadiums in Houston, Atlanta and Mexico. For him, when the national anthem plays, it will really hit him that they made it.

Eight months ago, Kitadi placed a $150 bet on Bet360 of Congo winning the World Cup. If they win, he’ll win about $20,000.

“Pray for me,” he said."
Ecuador	Ecuador	E	Content creator Carlos Britos, 31.	Ecuador, which had made four previous World Cup appearances, including in 2022. Ecuador is a nation of almost 18 million straddling the equator on the west coast of South America; 11,155 people of Ecuadorian origin live in Toronto, according to Statistics Canada.	"As a kid, Carlos Britos's Ecuador jersey was his most prized possession.

He was four when his father first dressed him in the classic vibrant yellow, navy blue and red shirt (the team's nickname is La Tricolor). Now it’s a requirement for Brito to purchase a new Ecuador jersey every two years.

But those looking to get their hand on a jersey will tell you it’s not easy. Ecuador gear is not manufactured by any of the big companies. Being in Ecuador is your best shot at finding a jersey. He’s hoping to add to his collection as his country makes its fifth appearance in the tournament.

“It’s not like this is something that I'm used to,” said Brito. “I don't take it for granted because when I was younger, I was unable to root for Ecuador.”

Ecuador soccer has become a religion for Britos since the first time the country made the World Cup in 2002, He saw the joy on his parents' faces as they cheered on Ecuador as they’d sit and watch the games as a family

“I can tell you right now we weren't in an economic situation for anyone to be taking a day off of work,” laughed Britos. “But they did (to watch the games). It just means so much. You make a day out of it.”

Brito’s family migrated from Ecuador in the 1970s and settled in the Jane and Finch neighbourhood. Brito says most Ecuadorians who moved to Toronto settled in either Jane and Finch or the Bloor and Christie area.

Soccer became part of his life at an early age when he’d run around and play at the Driftwood Community Centre. The game is what keeps the community so tight-knit.

Britos even started his own company called Toronto Latinos, which has close to 100,000 followers in the GTA. When Canada hosted Ecuador in November for a friendly match, Britos was tasked by Maple Leafs Sports and Entertainment to help sell tickets and get his community out, as half the stadium was wearing yellow.

“In the stands in Toronto at BMO Field, it felt like we were in Quito, Ecuador. That's how many Ecuadorians were there,” said Britos. “My head was telling me to cheer for Canada, but my heart was telling to cheer for Ecuador and then vice versa ... the match ended in a tie, so that was pretty cool.”"	"Hundreds of Ecuadorian fans in the city will gather inside Mundo Sports Bar Lounge in North York to watch the country’s World Cup journey on TV screens while being served classic Ecuadorian dishes.

On the menu will be ceviche, made up of pieces of fish pickled in lemon juice as well as fried cheese empanadas. Britos and others will chant “Si se puede,” which translates to “Yes, we can,” as they believe anything can happen in this tournament.

This World Cup appearance means a lot for Brito and the Ecuadorian people. The national team is on the rise though, and Brito won’t be shocked if they end up making the round of 16 for the first time since 2006.

“The players want to do it for the country and give the country something to cheer about,” said Britos. “They'll take their game to another level because they know they're playing for a country right now that needs them to do well … it can almost pull them out of the situation that we're in right now.”

“Don’t sleep on Ecuador.”"		./images/Ecuador/video/slomo.mp4	./images/Ecuador/video/slomo.mp4	./images/Ecuador/1_AM_Ecuador fans_113.JPG	./images/Ecuador/AM_Ecuador fans_101.JPG	8640	5760	5284	3523	./images/Ecuador/1_AM_Ecuador fans_113.JPG|./images/Ecuador/AM_Ecuador fans_101.JPG|./images/Ecuador/AM_Ecuador fans_102.JPG|./images/Ecuador/AM_Ecuador fans_103.JPG|./images/Ecuador/AM_Ecuador fans_104.JPG|./images/Ecuador/AM_Ecuador fans_106.JPG|./images/Ecuador/AM_Ecuador fans_107.JPG|./images/Ecuador/AM_Ecuador fans_110.JPG|./images/Ecuador/AM_Ecuador fans_111.JPG|./images/Ecuador/AM_Ecuador fans_112.JPG|./images/Ecuador/AM_Ecuador fans_113.JPG	"The fan: Content creator Carlos Britos, 31.

Cheering for: Ecuador, which had made four previous World Cup appearances, including in 2022. Ecuador is a nation of almost 18 million straddling the equator on the west coast of South America; 11,155 people of Ecuadorian origin live in Toronto, according to Statistics Canada.

Why he's cheering: As a kid, Carlos Britos's Ecuador jersey was his most prized possession.

He was four when his father first dressed him in the classic vibrant yellow, navy blue and red shirt (the team's nickname is La Tricolor). Now it’s a requirement for Brito to purchase a new Ecuador jersey every two years.

But those looking to get their hand on a jersey will tell you it’s not easy. Ecuador gear is not manufactured by any of the big companies. Being in Ecuador is your best shot at finding a jersey. He’s hoping to add to his collection as his country makes its fifth appearance in the tournament.

“It’s not like this is something that I'm used to,” said Brito. “I don't take it for granted because when I was younger, I was unable to root for Ecuador.”

Ecuador soccer has become a religion for Britos since the first time the country made the World Cup in 2002, He saw the joy on his parents' faces as they cheered on Ecuador as they’d sit and watch the games as a family

“I can tell you right now we weren't in an economic situation for anyone to be taking a day off of work,” laughed Britos. “But they did (to watch the games). It just means so much. You make a day out of it.”

Brito’s family migrated from Ecuador in the 1970s and settled in the Jane and Finch neighbourhood. Brito says most Ecuadorians who moved to Toronto settled in either Jane and Finch or the Bloor and Christie area.

Soccer became part of his life at an early age when he’d run around and play at the Driftwood Community Centre. The game is what keeps the community so tight-knit.

Britos even started his own company called Toronto Latinos, which has close to 100,000 followers in the GTA. When Canada hosted Ecuador in November for a friendly match, Britos was tasked by Maple Leafs Sports and Entertainment to help sell tickets and get his community out, as half the stadium was wearing yellow.

“In the stands in Toronto at BMO Field, it felt like we were in Quito, Ecuador. That's how many Ecuadorians were there,” said Britos. “My head was telling me to cheer for Canada, but my heart was telling to cheer for Ecuador and then vice versa ... the match ended in a tie, so that was pretty cool.”

How you can cheer: Hundreds of Ecuadorian fans in the city will gather inside Mundo Sports Bar Lounge in North York to watch the country’s World Cup journey on TV screens while being served classic Ecuadorian dishes. 

On the menu will be ceviche, made up of pieces of fish pickled in lemon juice as well as fried cheese empanadas. Britos and others will chant “Si se puede,” which translates to “Yes, we can,” as they believe anything can happen in this tournament.

This World Cup appearance means a lot for Brito and the Ecuadorian people. The national team is on the rise though, and Brito won’t be shocked if they end up making the round of 16 for the first time since 2006.

“The players want to do it for the country and give the country something to cheer about,” said Britos. “They'll take their game to another level because they know they're playing for a country right now that needs them to do well … it can almost pull them out of the situation that we're in right now.”

“Don’t sleep on Ecuador.”"
Egypt	Egypt	G	Pharmacist Nadine Hamdy, 32	Egypt will be making its fourth appearance in the World Cup. The northeast African nation boasts a population of approximately 9,725 million. There's about 73,710 that call Canada home, with 26,810 locatied in the Toronto area.	"When Hamdy was a little girl, she’d travel to Egypt for the summers with her family and support Al Ahly SC, the most famous and successful soccer club on the continent.

She still has the jersey of Egypt’s long-time goalkeeper, Essam El-Hadary, as a badge of honour. He’s the oldest player to play in a World Cup at age 45, and Hamdy has kept and cherished his shirt for 16 years now.

“(The sense of pride is) really deep-rooted w—ithin me,” said Hamdy.

Hamdy gathers with the community to watch the national team play, oftentimes side-by-side with strangers who turn into cheering partners. Despite this being only Egypt’s fourth appearance in the World Cup, Hamdy doesn't fail to let others know that the pharaohs are the most successful team at the Africa Cup of Nations (AFCON), with seven titles under their belt.

During the 2018 World Cup, Hamdy would find a random Egyptian cafe in Mississauga to watching her country compete in the tournament with others.

“We’re all cheering for the same team, and we're all sharing the same excitement or the same anger, frustration, sadness, (it’s) that sense of community,” said Hamdy.

Hamdy, born in Toronto, makes it her mission to travel and visit Egypt at least once or twice a year. It’s a country that never sleeps, and where you can find people dancing and singing on the streets until four in the morning.

The tournament allows Hamdy to shine a spotlight on the country.

“I can't just talk about Egypt on a random day for like no reason, right?” said Hamdy. “Now in the World Cup, I have an excuse to talk about it and then talk about its culture, and talk about its history because we're so much more than just the pyramids. There's so much to Egypt. And I feel like football just brings everyone together regardless.”

Egypt fans are known to be very loud, prideful, and even obnoxious at times, says Hamdy, who can’t sit still during games. You can find people with their cars painted, dressing up often in pharaoh custom outfits.

The national team is led by Mohamed Salah, a well-known soccer player for Liverpool, who is also considered one of the best players of his generation. With Salah leading the country back to the tournament, fans are confident the team has a chance to surprise people. They’re in a group with Belgium, New Zealand and Iran.

“If any African nation is going to win the World Cup, it would be Egyp,” said Hamdy, pointing to the country's AFCON titles. “Why not win the World Cup? We already dominated one continent. Why not go for the rest?”"	"While watching a game, Egypt fans often have shisha — a waterpipe used to smoke flavoured tobacco or herbal products — in front of them as well as tea, or a lemon mint drink.

Hamdy likes to watch games with tarb, which is a traditional Egyptian delicacy consisting of beef or lamb wrapped in caul fat. She might also have koshary, another national dish that is a widely popular street food that mixes pasta, fried rice, and chickpeas together.

A lot of fans of the national team will be gathering at Masrawy Egyptian Kitchen in Mississauga, a staple for modern Egyptian food, as they’ll be playing all the games."		./images/Egypt/video/slomo.mp4	./images/Egypt/video/slomo.mp4	./images/Egypt/B-roll/LM_042826_EgyptFan2.JPG	./images/Egypt/LM_042826_EgyptFan1.JPG	8192	5464	8192	5464	./images/Egypt/B-roll/LM_042826_EgyptFan2.JPG|./images/Egypt/LM_042826_EgyptFan1.JPG|./images/Egypt/LM_042826_EgyptFan3.JPG|./images/Egypt/LM_042826_EgyptFan4.JPG|./images/Egypt/LM_042826_EgyptFan5.JPG|./images/Egypt/LM_042826_EgyptFan6.JPG|./images/Egypt/LM_042826_EgyptFan7.JPG|./images/Egypt/LM_042826_EgyptFan8.JPG|./images/Egypt/LM_042826_EgyptFan9.JPG|./images/Egypt/LM_042826_EgyptFan10.JPG|./images/Egypt/LM_042826_EgyptFan11.JPG|./images/Egypt/LM_042826_EgyptFan12.JPG	"The Fan: Pharmacist Nadine Hamdy, 32

The country: Egypt will be making its fourth appearance in the World Cup. The northeast African nation boasts a population of approximately 9,725 million. There's about 73,710 that call Canada home, with 26,810 locatied in the Toronto area. 

Why she cheers: When Hamdy was a little girl, she’d travel to Egypt for the summers with her family and support Al Ahly SC, the most famous and successful soccer club on the continent.

She still has the jersey of Egypt’s long-time goalkeeper, Essam El-Hadary, as a badge of honour. He’s the oldest player to play in a World Cup at age 45, and Hamdy has kept and cherished his shirt for 16 years now.

“(The sense of pride is) really deep-rooted w—ithin me,” said Hamdy.

Hamdy gathers with the community to watch the national team play, oftentimes side-by-side with strangers who turn into cheering partners. Despite this being only Egypt’s fourth appearance in the World Cup, Hamdy doesn't fail to let others know that the pharaohs are the most successful team at the Africa Cup of Nations (AFCON), with seven titles under their belt.

During the 2018 World Cup, Hamdy would find a random Egyptian cafe in Mississauga to watching her country compete in the tournament with others.

“We’re all cheering for the same team, and we're all sharing the same excitement or the same anger, frustration, sadness, (it’s) that sense of community,” said Hamdy.

Hamdy, born in Toronto, makes it her mission to travel and visit Egypt at least once or twice a year. It’s a country that never sleeps, and where you can find people dancing and singing on the streets until four in the morning.

The tournament allows Hamdy to shine a spotlight on the country.

“I can't just talk about Egypt on a random day for like no reason, right?” said Hamdy. “Now in the World Cup, I have an excuse to talk about it and then talk about its culture, and talk about its history because we're so much more than just the pyramids. There's so much to Egypt. And I feel like football just brings everyone together regardless.”

Egypt fans are known to be very loud, prideful, and even obnoxious at times, says Hamdy, who can’t sit still during games. You can find people with their cars painted, dressing up often in pharaoh custom outfits.

The national team is led by Mohamed Salah, a well-known soccer player for Liverpool, who is also considered one of the best players of his generation. With Salah leading the country back to the tournament, fans are confident the team has a chance to surprise people. They’re in a group with Belgium, New Zealand and Iran.

“If any African nation is going to win the World Cup, it would be Egyp,” said Hamdy, pointing to the country's AFCON titles. “Why not win the World Cup? We already dominated one continent. Why not go for the rest?”

How to cheer: While watching a game, Egypt fans often have shisha — a waterpipe used to smoke flavoured tobacco or herbal products — in front of them as well as tea, or a lemon mint drink.

Hamdy likes to watch games with tarb, which is a traditional Egyptian delicacy consisting of beef or lamb wrapped in caul fat. She might also have koshary, another national dish that is a widely popular street food that mixes pasta, fried rice, and chickpeas together.

A lot of fans of the national team will be gathering at Masrawy Egyptian Kitchen in Mississauga, a staple for modern Egyptian food, as they’ll be playing all the games."
England	England	L	Lorem ipsum dolor sit amet	Lorem ipsum dolor sit amet, consectetur adipiscing elit. Integer posuere erat a ante venenatis dapibus posuere velit aliquet.	"Lorem ipsum dolor sit amet, consectetur adipiscing elit. Praesent commodo cursus magna, vel scelerisque nisl consectetur et. Donec ullamcorper nulla non metus auctor fringilla.

Curabitur blandit tempus porttitor. Aenean lacinia bibendum nulla sed consectetur. Etiam porta sem malesuada magna mollis euismod."	Maecenas faucibus mollis interdum. Sed posuere consectetur est at lobortis. Cras justo odio, dapibus ac facilisis in, egestas eget quam.											"The fan: Lorem ipsum dolor sit amet

Cheering for: Lorem ipsum dolor sit amet, consectetur adipiscing elit. Integer posuere erat a ante venenatis dapibus posuere velit aliquet.

Why they cheer: Lorem ipsum dolor sit amet, consectetur adipiscing elit. Praesent commodo cursus magna, vel scelerisque nisl consectetur et. Donec ullamcorper nulla non metus auctor fringilla.

Curabitur blandit tempus porttitor. Aenean lacinia bibendum nulla sed consectetur. Etiam porta sem malesuada magna mollis euismod.

How to cheer: Maecenas faucibus mollis interdum. Sed posuere consectetur est at lobortis. Cras justo odio, dapibus ac facilisis in, egestas eget quam."
France	France	I	Brand ambassador Olivier De Bregeas, 48.	France has made 16 appearances at the World Cup and won the tournament in 1998 and 2018. They also made it to the final in 2006 and 2022. Approximately 66 million people live in France, with roughly 120,000 French nationals in Canada and 10,000 of them in Toronto.	"The lifelong soccer fan came to Canada 16 years ago, starting in Montreal then moving to Toronto.

The Cabbagetown resident played competitive soccer for 15 years, having been born and raised in Paris. The 48-year-old married father of two is a lifelong fan of Paris Saint-Germain, to the point he co-founded a supporter’s group in Toronto eight years ago.

He has two favourite players: David Ginola and Zinedine Zidane. Ginola made 17 appearances for France internationally in a playing career that started in 1985 and lasted until 2002 before he joined the broadcast booth.

“If you know Ginola, you know how old I am,” he said. “And Zinedine Zidane, he’s the GOAT.”

Zidane represented France 108 times and three times was named FIFA world player of the year in a career that spanned from 1994 to 2006."	"All French national fans are invited to Ricarda’s (134 Peter Street, near Queen St.).

“They welcomed us in 2018 for the World Cup — by the way, we won that one — so that’s a good premonition for us. It’s going to be full of memories,” said De Bregeas. “We all thought we could have a little piece of France somewhere in the city of Toronto.”

De Bregeas and his friends in the French community are organizing the watch party, like they do for the games or recent Champions League victors PSG.

The cuisine hasn’t been finalized. But a croque monsieur (a ham and cheese sandwich but with high-end cheese like Gruyère and Parmesan with béchamel sauce) would be welcome. And of course fries, or frites.

“I have big expectations for this tournament, and I hope we can lift the Cup again,” he said.

His family is all French but have become Canadian citizens.

“France is our home, but we have been in Toronto so long that we feel like we belong. We are Canadian as well. So of course we are going to root for our friends, our team Number Two.

“And I’ll tell you something, it’s time for Canada to shine. This generation of talent they have. I do believe in Canada’s chance in the group stage for sure, and I hope they can go on further.”"					./images/France/FranceFan.jpg			1536	2048	./images/France/FranceFan.jpg	"The fan: Brand ambassador Olivier De Bregeas, 48.

The country: France has made 16 appearances at the World Cup and won the tournament in 1998 and 2018. They also made it to the final in 2006 and 2022. Approximately 66 million people live in France, with roughly 120,000 French nationals in Canada and 10,000 of them in Toronto.

Why he cheers: The lifelong soccer fan came to Canada 16 years ago, starting in Montreal then moving to Toronto.

The Cabbagetown resident played competitive soccer for 15 years, having been born and raised in Paris. The 48-year-old married father of two is a lifelong fan of Paris Saint-Germain, to the point he co-founded a supporter’s group in Toronto eight years ago.

He has two favourite players: David Ginola and Zinedine Zidane. Ginola made 17 appearances for France internationally in a playing career that started in 1985 and lasted until 2002 before he joined the broadcast booth.

“If you know Ginola, you know how old I am,” he said. “And Zinedine Zidane, he’s the GOAT.”

Zidane represented France 108 times and three times was named FIFA world player of the year in a career that spanned from 1994 to 2006.

How to cheer: All French national fans are invited to Ricarda’s (134 Peter Street, near Queen St.).

“They welcomed us in 2018 for the World Cup — by the way, we won that one — so that’s a good premonition for us. It’s going to be full of memories,” said De Bregeas. “We all thought we could have a little piece of France somewhere in the city of Toronto.”

De Bregeas and his friends in the French community are organizing the watch party, like they do for the games or recent Champions League victors PSG.

The cuisine hasn’t been finalized. But a croque monsieur (a ham and cheese sandwich but with high-end cheese like Gruyère and Parmesan with béchamel sauce) would be welcome. And of course fries, or frites.

“I have big expectations for this tournament, and I hope we can lift the Cup again,” he said.

His family is all French but have become Canadian citizens.

“France is our home, but we have been in Toronto so long that we feel like we belong. We are Canadian as well. So of course we are going to root for our friends, our team Number Two.

“And I’ll tell you something, it’s time for Canada to shine. This generation of talent they have. I do believe in Canada’s chance in the group stage for sure, and I hope they can go on further.”"
Germany	Germany	E	Anne-Marie Seessle, chairwoman of Südkurve Toronto, the official fan club of FC Bayern München in the GTA	Germany, which will be appearing in 21 of 23 World Cup tournaments and winners four titles in 1954, 1974, 1990 and 2014. A country of a population of about 83.6 million with a vast community here in Toronto of 216,880 people.	"Growing up playing soccer in Rexdale, Anne-Marie Seessle was a young kid watching how obsessed her father and uncle were to German soccer. They both would congregate in their local community hub called The Musket and little Seexsle would always tag along.

“I spent a lot my days at the Musket with my grandmother, my dad, most of our family functions were done there,” said Seessle. “Essentially, they would show the Germany matches for a friendly, World Cup, Euro Cup, any kind of international match. So it just kind of became a thing that I did with my dad and my uncle.”

Seessle grandparent’s came to Canada in the 1950s like most, to escape the war, coming over by boat from Bavaria, in southeastern Germany. Her grandmother died when she was 11 and her grandfather passed away before she was even born.

Following the national team, has inspiring her to learn how to speak German and more about her family’s roots.

But being a woman, in a sport that's male-dominated, Seessle has had times where guys would try and quiz her knowledge on soccer. 

The 38-year-old is the chairwoman of Südkurve Toronto, which is the official fan club of FC Bayern München in the GTA. Her collection of Germany memorabilia, jerseys, bracelets, earrings, sweatbands, hats, sweaters and even a pair of Germany team-styled shoes — that would stun most people. 

""There's a lot of females in the world that are football fans. And I know many in all over the world who probably know a lot more than some men,"" said Seessle.

She can remember being at The Musket bawling her eyes out with about 500 fans when Mario Gotze scored a magical goal in extra time as she witnessed the team hoist the World Cup trophy in 2014.

""I will never forget that moment,"" said Seessle. ""One of the greatest joys of my life was watching them win."""	"There is expected to be about a thousand travelling fans in the city, with hopes of a fan march before games and watch parties being hosted at The Pint Public House near the Rogers Centre. During Germany’s Euro Cup run, they had 300 to 600 fans at the location.

Seessle has received updates from the Germany Football Association and is working in collaboration with the German Consulate in Toronto and the German National Tourist Office to help plan a huge get-together for supporters of the national team.

During matches, German fans are expected to have a Paulaner, the renowned Munich-based German brewery established in 1634 and the team sponsor. Another popular drink for games is German Weissbier, originated from Seessle’s grandparents hometown. On the grill and on the menu will be Bratwurst, a type of German sausage put together with sauerkraut, potato salad, a schnitzel dinner with spätzle, an egg-shaped pasta.

With tickets for Germany’s second World Cup group stage match against Ivory Coast, Seessle will be able to live out her dream of seeing them in a World Cup match.

“I think it'll be a fantastic atmosphere. I'm gonna probably be very emotional because it's a bucket list item for me,” said Seessle."				./images/Germany/rpj_GermanyFanWC_01.JPG	./images/Germany/rpj_GermanyFanWC_02.JPG	6000	4000	6000	4000	./images/Germany/rpj_GermanyFanWC_01.JPG|./images/Germany/rpj_GermanyFanWC_02.JPG	"The fan: Anne-Marie Seessle, chairwoman of Südkurve Toronto, the official fan club of FC Bayern München in the GTA

Cheering for: Germany, which will be appearing in 21 of 23 World Cup tournaments and winners four titles in 1954, 1974, 1990 and 2014. A country of a population of about 83.6 million with a vast community here in Toronto of 216,880 people.

Why she's cheering: Growing up playing soccer in Rexdale, Anne-Marie Seessle was a young kid watching how obsessed her father and uncle were to German soccer. They both would congregate in their local community hub called The Musket and little Seexsle would always tag along.

“I spent a lot my days at the Musket with my grandmother, my dad, most of our family functions were done there,” said Seessle. “Essentially, they would show the Germany matches for a friendly, World Cup, Euro Cup, any kind of international match. So it just kind of became a thing that I did with my dad and my uncle.”

Seessle grandparent’s came to Canada in the 1950s like most, to escape the war, coming over by boat from Bavaria, in southeastern Germany. Her grandmother died when she was 11 and her grandfather passed away before she was even born.

Following the national team, has inspiring her to learn how to speak German and more about her family’s roots.

But being a woman, in a sport that's male-dominated, Seessle has had times where guys would try and quiz her knowledge on soccer. 

The 38-year-old is the chairwoman of Südkurve Toronto, which is the official fan club of FC Bayern München in the GTA. Her collection of Germany memorabilia, jerseys, bracelets, earrings, sweatbands, hats, sweaters and even a pair of Germany team-styled shoes — that would stun most people. 

""There's a lot of females in the world that are football fans. And I know many in all over the world who probably know a lot more than some men,"" said Seessle.

She can remember being at The Musket bawling her eyes out with about 500 fans when Mario Gotze scored a magical goal in extra time as she witnessed the team hoist the World Cup trophy in 2014.

""I will never forget that moment,"" said Seessle. ""One of the greatest joys of my life was watching them win.""

How to cheer: There is expected to be about a thousand travelling fans in the city, with hopes of a fan march before games and watch parties being hosted at The Pint Public House near the Rogers Centre. During Germany’s Euro Cup run, they had 300 to 600 fans at the location.

Seessle has received updates from the Germany Football Association and is working in collaboration with the German Consulate in Toronto and the German National Tourist Office to help plan a huge get-together for supporters of the national team.

During matches, German fans are expected to have a Paulaner, the renowned Munich-based German brewery established in 1634 and the team sponsor. Another popular drink for games is German Weissbier, originated from Seessle’s grandparents hometown. On the grill and on the menu will be Bratwurst, a type of German sausage put together with sauerkraut, potato salad, a schnitzel dinner with spätzle, an egg-shaped pasta.

With tickets for Germany’s second World Cup group stage match against Ivory Coast, Seessle will be able to live out her dream of seeing them in a World Cup match.

“I think it'll be a fantastic atmosphere. I'm gonna probably be very emotional because it's a bucket list item for me,” said Seessle."
Ghana	Ghana	L	Two-time award-winning blogger Gio Marfo	Ghana, which is set to compete in its fifth World Cup, with 2010 being its best performance. The West African country is situated on the Gulf of Guinea and the Atlantic Ocean, with a population of 35 million; 7,550 people in the Toronto CMA have Ghanian origins, according to Statistics Canada.	"Marfo fell in love with the Ghana team in the late 1990s when star players like John Paintsil, Stephen Appiah and Michael Essien were coming up and beat a talented under-20 Brazil squad, shocking many.
 
It was the biggest deal to him as a fan. Those same three players moved up the senior team, also known as the Black Stars, and helped Ghana qualify for its first World Cup in 2006.
 
“It was the biggest feeling in the world because finally you can see your own nation at the World Cup,” said 39-year-old Marfo. “And they weren't just at the World Cup. They were competing at the highest level and every single guy on the pitch for Ghana (and) they were actually star players within their clubs.”
 
In the 1960s, Ghana’s nickname was “Brazil of Africa,” due to how they dominated the continent, becoming the first nation to win four straight African Cup of Nations. Ironically enough, in 2006 they matched up with Brazil in the round of 16, seven years after their historic win over the U-20s.
 
After a bad break up, Marfo started blogging about the Ghanian national team to reconnect with his culture as a first-generation Canadian and give fans of the team a place to go to for information he once struggled to find.
 
“I wanted to find a way to use that energy well, instead of, you know, be depressed,” said Marfo, who’s become the No. 1 source for those in North America. “That actually allowed me to heal my heart, believe it or not. The joy of football actually allowed me to heal my heart because it also made me an avid collector of Ghana national team gear.”
 
His goals for the blog started as just a way to unite Ghanians on a specific platform and understand the achievements of the Ghana Black Stars and the women’s senior national team, the Black Queens. He's adamant there's no one with a crazier Ghana memorabilia collection than his.
 
The most heartbreaking moment in the minds of Ghanians is from the 2010 World Cup, when Uruguay striker Luis Suarez played a ball with his hand to avoid giving up a goal in their quarterfinal match, which they later lost in penalties.
 
Many still don’t forget Suarez and see him as the one who stole Ghana’s dream of becoming the first African national team to make the World Cup semifinals. Marfo was advised by his doctor after to stop putting his heart into it.
 
“Everybody was in shock, sadness, anger,"" Marfo said of his family in Ghana. ""It was multiple, multiple feelings. People didn't even know how to feel.”"	"Ghanaian fans will be gathering in North York at African Chop Bar to watch World Cup matches. It will also be a spot for a lot of African nations competing in the tournament.
 
Superstitious supporters of the Black Stars tend to fast on gamedays. Fans are told to put their stomach aside for a few hours. When the team wins, then they can rejoice and eat.
 
“If your team loses, ‘Well, you guys didn't win, so you're not eating for the day,’ ” joked Marfo.
 
That tradition has changed as Ghanians have moved all over the globe and adopting having some of the countries pastries while watching matches. It includes meat pie, Bofrot, which is a type of donut. When you pull up to a bar, you can expect the classic jollof rice."					./images/Ghana/Gio Marfo.jpg			604	590	./images/Ghana/Gio Marfo.jpg	"The fan: Two-time award-winning blogger Gio Marfo
 
Cheering for: Ghana, which is set to compete in its fifth World Cup, with 2010 being its best performance. The West African country is situated on the Gulf of Guinea and the Atlantic Ocean, with a population of 35 million; 7,550 people in the Toronto CMA have Ghanian origins, according to Statistics Canada.
 
Why he's cheering: Marfo fell in love with the Ghana team in the late 1990s when star players like John Paintsil, Stephen Appiah and Michael Essien were coming up and beat a talented under-20 Brazil squad, shocking many.
 
It was the biggest deal to him as a fan. Those same three players moved up the senior team, also known as the Black Stars, and helped Ghana qualify for its first World Cup in 2006.
 
“It was the biggest feeling in the world because finally you can see your own nation at the World Cup,” said 39-year-old Marfo. “And they weren't just at the World Cup. They were competing at the highest level and every single guy on the pitch for Ghana (and) they were actually star players within their clubs.”
 
In the 1960s, Ghana’s nickname was “Brazil of Africa,” due to how they dominated the continent, becoming the first nation to win four straight African Cup of Nations. Ironically enough, in 2006 they matched up with Brazil in the round of 16, seven years after their historic win over the U-20s.
 
After a bad break up, Marfo started blogging about the Ghanian national team to reconnect with his culture as a first-generation Canadian and give fans of the team a place to go to for information he once struggled to find.
 
“I wanted to find a way to use that energy well, instead of, you know, be depressed,” said Marfo, who’s become the No. 1 source for those in North America. “That actually allowed me to heal my heart, believe it or not. The joy of football actually allowed me to heal my heart because it also made me an avid collector of Ghana national team gear.”
 
His goals for the blog started as just a way to unite Ghanians on a specific platform and understand the achievements of the Ghana Black Stars and the women’s senior national team, the Black Queens. He's adamant there's no one with a crazier Ghana memorabilia collection than his.
 
The most heartbreaking moment in the minds of Ghanians is from the 2010 World Cup, when Uruguay striker Luis Suarez played a ball with his hand to avoid giving up a goal in their quarterfinal match, which they later lost in penalties.
 
Many still don’t forget Suarez and see him as the one who stole Ghana’s dream of becoming the first African national team to make the World Cup semifinals. Marfo was advised by his doctor after to stop putting his heart into it.
 
“Everybody was in shock, sadness, anger,"" Marfo said of his family in Ghana. ""It was multiple, multiple feelings. People didn't even know how to feel.”
 
How to cheer: Ghanaian fans will be gathering in North York at African Chop Bar to watch World Cup matches. It will also be a spot for a lot of African nations competing in the tournament.
 
Superstitious supporters of the Black Stars tend to fast on gamedays. Fans are told to put their stomach aside for a few hours. When the team wins, then they can rejoice and eat.
 
“If your team loses, ‘Well, you guys didn't win, so you're not eating for the day,’ ” joked Marfo.
 
That tradition has changed as Ghanians have moved all over the globe and adopting having some of the countries pastries while watching matches. It includes meat pie, Bofrot, which is a type of donut. When you pull up to a bar, you can expect the classic jollof rice."
Haiti	Haiti	C	Actress Maythaila Jerome-Antoine, 36.	Haiti, which will make only its second World Cup appearance and first in 52 years. The Caribbean country has a large population, with 99,945 people residing in Canada. Approximately 79,725 people live in Montreal, with around 2,490 in Toronto.	"Jerome-Antoine heard the classic tales from her father about his time in the 1980s training for a coveted roster spot for the Haitian national team, known as ”Les Grenadiers”. He would be part of intense practices, run 10 to 20 kilometres a day with hopes of representing his country but, despite being in the mix, he fell just short.

Over half a decade later, Jerome-Antoine is over the moon her father will be able to witness his country on the world stage. He’s already been emotional about what this means to him. As for her, it will be a first.

“It is unfortunate that it took us so long to be able to get back into the World Cup,” said Jerome-Antoine. “But this World Cup is definitely going to be very important for all Haitians around the world.”

Montreal holds one of the largest Haitian populations outside of Haiti and is a major hub for francophone speakers. Thousands filled the seats of BMO Field in March to watch Haiti’s friendly against Tunisia in preparation for the tournament.

Jerome-Antoine, who was born in Montreal but moved to Toronto, was in attendance for the game despite the cold conditions. The day after, she got to meet some of the players on the national team at an event and let them know how proud the community was and what it means to see them competing at this tournament.

“It was just a friendly game, but to be there knowing that they will actually be on the World Cup stage, like they actually could potentially win the World Cup, you never know, it felt surreal,” said Jerome-Antoine. “This is how my dad felt when he was a teenager.”

The 36-year-old wishes Haiti had matches scheduled in Toronto but has hopes the country can take down powerhouse Brazil when they meet in Philadelphia and is considering making the trek to watch it live. Scotland and Morocco make up the rest of Group C.

“It would have made more sense to have like Haiti versus Morocco in Montreal (instead of Atlanta), in my own opinion. Those games would have sold out so quickly,” said Jerome-Antoine.

Over the last few years, Haiti has dealt with political instability in the country with widespread gang violence, humanitarian crisis and the assassination of Jovenel Moïse, Haiti's 43rd president, in 2021.

Jerome-Antoine says this moment for the nation — making its first appearance since 1974 in West Germany — brings some much-needed hope and positivity.

“(It’s) a time to showcase to the world that, among the adversity, we're still very resilient,” she said. “We always get up, back on our feet and we make sure to just fight our way through. And that's what 'Les Grenadiers' represents.”"	"On a typical match day, Jerome-Antoine says brown rice with black beans and either chicken or fried pork is a go-to food item. You also can’t go wrong with the some plantains, Pikliz, which is a spicy type of coleslaw. Haitian beer, known as “Prestige,” will be served as it’s the bestselling beer in the country.

Like many other Haitians, Jerome-Antoine will be draped in the country’s blue and red flags during games, passionately singing the national anthem with hopes of history being made. Despite the large Haitian population in Montreal, a watch party for their games will be held at TK.

“If you believe in something, you can achieve it, and if these guys are actually able to manage to win the World Cup, they can finally see that even though Haiti has its ups and downs it's still a very resilient country,” said Jerome-Antoine."				./images/Haiti/rpj_HaitiFan_02.JPG	./images/Haiti/rpj_HaitiFan_06.JPG	6000	4000	6000	4000	./images/Haiti/rpj_HaitiFan_02.JPG|./images/Haiti/rpj_HaitiFan_06.JPG|./images/Haiti/rpj_HaitiFan_08.JPG	"The fan: Actress Maythaila Jerome-Antoine, 36.

The country: Haiti, which will make only its second World Cup appearance and first in 52 years. The Caribbean country has a large population, with 99,945 people residing in Canada. Approximately 79,725 people live in Montreal, with around 2,490 in Toronto.

Why she cheers: Jerome-Antoine heard the classic tales from her father about his time in the 1980s training for a coveted roster spot for the Haitian national team, known as ”Les Grenadiers”. He would be part of intense practices, run 10 to 20 kilometres a day with hopes of representing his country but, despite being in the mix, he fell just short.

Over half a decade later, Jerome-Antoine is over the moon her father will be able to witness his country on the world stage. He’s already been emotional about what this means to him. As for her, it will be a first.

“It is unfortunate that it took us so long to be able to get back into the World Cup,” said Jerome-Antoine. “But this World Cup is definitely going to be very important for all Haitians around the world.”

Montreal holds one of the largest Haitian populations outside of Haiti and is a major hub for francophone speakers. Thousands filled the seats of BMO Field in March to watch Haiti’s friendly against Tunisia in preparation for the tournament.

Jerome-Antoine, who was born in Montreal but moved to Toronto, was in attendance for the game despite the cold conditions. The day after, she got to meet some of the players on the national team at an event and let them know how proud the community was and what it means to see them competing at this tournament.

“It was just a friendly game, but to be there knowing that they will actually be on the World Cup stage, like they actually could potentially win the World Cup, you never know, it felt surreal,” said Jerome-Antoine. “This is how my dad felt when he was a teenager.”

The 36-year-old wishes Haiti had matches scheduled in Toronto but has hopes the country can take down powerhouse Brazil when they meet in Philadelphia and is considering making the trek to watch it live. Scotland and Morocco make up the rest of Group C.

“It would have made more sense to have like Haiti versus Morocco in Montreal (instead of Atlanta), in my own opinion. Those games would have sold out so quickly,” said Jerome-Antoine.

Over the last few years, Haiti has dealt with political instability in the country with widespread gang violence, humanitarian crisis and the assassination of Jovenel Moïse, Haiti's 43rd president, in 2021.

Jerome-Antoine says this moment for the nation — making its first appearance since 1974 in West Germany — brings some much-needed hope and positivity.

“(It’s) a time to showcase to the world that, among the adversity, we're still very resilient,” she said. “We always get up, back on our feet and we make sure to just fight our way through. And that's what 'Les Grenadiers' represents.”

How to cheer: On a typical match day, Jerome-Antoine says brown rice with black beans and either chicken or fried pork is a go-to food item. You also can’t go wrong with the some plantains, Pikliz, which is a spicy type of coleslaw. Haitian beer, known as “Prestige,” will be served as it’s the bestselling beer in the country.

Like many other Haitians, Jerome-Antoine will be draped in the country’s blue and red flags during games, passionately singing the national anthem with hopes of history being made. Despite the large Haitian population in Montreal, a watch party for their games will be held at TK.

“If you believe in something, you can achieve it, and if these guys are actually able to manage to win the World Cup, they can finally see that even though Haiti has its ups and downs it's still a very resilient country,” said Jerome-Antoine."
Iran	Iran	G	Former Iran national team member Reza Abedian, 60	Iran is set to make its fourth straight World Cup appearance, despite questions around if they'll plan in the global tournament with ongoing conflict with the U.S. and Israel. The Iranian community boasts a population of 87,105 in Toronto's metropolitan area.	"When Reza Abedian was a teenager, he rose up the ranks in the Iranian soccer world and became a player for Persepolis F.C., one of the most successful and popular soccer clubs in Iran and all of Asia.

It led to a 12-year career for the team and Abedian playing about 15 to 17 games for the Iranian national team. Now, the TK year-old, gives back his knowledge and expertise by running his own soccer academy right here in Toronto called Excel Pro Soccer Academy.

“If I don’t have soccer, I’m done, I’d die,” joked Abedian.

His world revolved around soccer, so it made sense to continue being around his true love and share his knowledge with the next generation, as many in the community had relied on his expertise.

Abedian’s academy is one of the largest Persian community soccer academies in the GTA, having been established in 2009. He coaches about 250 players, has five different teams in the Ontario Soccer League and has helped send a dozen players professionally overseas to countries such as Spain and Portugal.

He was just shy of making Iran’s 1998 World Cup roster in the second appearance in the global tournament. He was one of the three final cuts, and it was one of the most heartbreaking moments he experienced. Sometimes he wishes he was born 20 years later, as soccer has now grown immensely in Iran, from a semi-professional environment to a nation that has now become a regular in the World Cup.

Despite never playing in the World Cup, he follows the team religiously, like many from his homeland, who often celebrate by storming the streets, honking cars, as soccer is the biggest sport in the country.

“The national team is everything to me because with the national team we can show the Iranian culture, the Iranian attitude, everything to the world,” said Abedian, who went to Qatar for the 2022 World Cup.

Iran is expected to play in Los Angeles and Seattle for three of their World Cup games in the United States despite the ongoing conflict that started with coordinated air strikes from the U.S. and Israel targeting Iran’s military leadership and nuclear program.

The Iranian federation will provide him with tickets to attend this year’s tournament as they do for former players who have represented the country. It’s one of the coolest sporting atmospheres he’s been in.

Iran was one of the first teams to qualify for the 2026 World Cup, as this will be their seventh total appearance and fourth consecutive. They’re ranked 21st in the world, as Abedian believes Iran has a chance to get out of the group stage for the first time.

“Because of war, these days, it’s very difficult for the people of Iran and for the national team,” said Abedian, who wants to go watch the team play. “If the team comes to the U.S., we’ll join and come to the stadium. No problem, win or lose… it’s very good for the (Iranian) people to watch the game and enjoy the game.”"	"Persian cuisine is a must for supporters while supporting, as Kotlet, a traditional pan-fried meat and potato patties are often on the table.

Kebabs are also considered a cornerstone of Persian food, which includes lamb, beef or chicken grilled over charcoal, often served with rice. Salad Olivieh, also known as potato salad, is another staple for get-togethers, as well as nuts, for which Iran is a global leader in terms of production.

Abedian says it’s frowned upon to watch national team games alone. The community in the city plans to watch games at TK."											"The fan: Former Iran national team member Reza Abedian, 60

The country: Iran is set to make its fourth straight World Cup appearance, despite questions around if they'll plan in the global tournament with ongoing conflict with the U.S. and Israel. The Iranian community boasts a population of 87,105 in Toronto's metropolitan area.

Why he cheers: When Reza Abedian was a teenager, he rose up the ranks in the Iranian soccer world and became a player for Persepolis F.C., one of the most successful and popular soccer clubs in Iran and all of Asia.

It led to a 12-year career for the team and Abedian playing about 15 to 17 games for the Iranian national team. Now, the TK year-old, gives back his knowledge and expertise by running his own soccer academy right here in Toronto called Excel Pro Soccer Academy.

“If I don’t have soccer, I’m done, I’d die,” joked Abedian.

His world revolved around soccer, so it made sense to continue being around his true love and share his knowledge with the next generation, as many in the community had relied on his expertise.

Abedian’s academy is one of the largest Persian community soccer academies in the GTA, having been established in 2009. He coaches about 250 players, has five different teams in the Ontario Soccer League and has helped send a dozen players professionally overseas to countries such as Spain and Portugal.

He was just shy of making Iran’s 1998 World Cup roster in the second appearance in the global tournament. He was one of the three final cuts, and it was one of the most heartbreaking moments he experienced. Sometimes he wishes he was born 20 years later, as soccer has now grown immensely in Iran, from a semi-professional environment to a nation that has now become a regular in the World Cup.

Despite never playing in the World Cup, he follows the team religiously, like many from his homeland, who often celebrate by storming the streets, honking cars, as soccer is the biggest sport in the country.

“The national team is everything to me because with the national team we can show the Iranian culture, the Iranian attitude, everything to the world,” said Abedian, who went to Qatar for the 2022 World Cup.

Iran is expected to play in Los Angeles and Seattle for three of their World Cup games in the United States despite the ongoing conflict that started with coordinated air strikes from the U.S. and Israel targeting Iran’s military leadership and nuclear program.

The Iranian federation will provide him with tickets to attend this year’s tournament as they do for former players who have represented the country. It’s one of the coolest sporting atmospheres he’s been in.

Iran was one of the first teams to qualify for the 2026 World Cup, as this will be their seventh total appearance and fourth consecutive. They’re ranked 21st in the world, as Abedian believes Iran has a chance to get out of the group stage for the first time.

“Because of war, these days, it’s very difficult for the people of Iran and for the national team,” said Abedian, who wants to go watch the team play. “If the team comes to the U.S., we’ll join and come to the stadium. No problem, win or lose… it’s very good for the (Iranian) people to watch the game and enjoy the game.”

How to cheer: Persian cuisine is a must for supporters while supporting, as Kotlet, a traditional pan-fried meat and potato patties are often on the table.

Kebabs are also considered a cornerstone of Persian food, which includes lamb, beef or chicken grilled over charcoal, often served with rice. Salad Olivieh, also known as potato salad, is another staple for get-togethers, as well as nuts, for which Iran is a global leader in terms of production.

Abedian says it’s frowned upon to watch national team games alone. The community in the city plans to watch games at TK."
Iraq	Iraq	I	Personal injury lawyer Joseph Zayouna, 49	Iraq was the last nation to qualify for this 48-team World Cup, ending a 40-year drought as they have only made one appearance in 1986. Iraq is a country of 46 million in West Asia located in the Middle East, while 10,732 people of Iraqi origin live in Toronto.	"Growing up in Iraq during the country's first World Cup gave Joseph Zayouna his love for soccer.

He recalled the times he spent crowding around a TV in 1986 at social clubs or a friend's house to catch a game, moments that brought everyone in the neighbourhood together.

“I remember all the celebrations, the music, people on the streets, the flags. It was a great time, even though I was only really young,” said Zayouna.

Even after coming to Canada, soccer was still a big part of his life. Zayouna used to play in high school and helped organize recreational games with the Iraqi community in Thornhill. Friends and family of different ages and skills would come together to share the game.

“It's just so much fun for all of us to come together and play,” said Zayouna.

While he doesn't hit the pitch as much as he used to, he’s glad to see the next generation continue the sport and still host games in the neighbourhood.

Over the years, the Iraqi community has grown in Toronto and gatherings have played a big part in continuing their soccer traditions. Zayouna said he couldn’t be prouder of his country for making it back to the World Cup and the moments leading up to the tournament feel “surreal.”

“Canada is home now, but Iraq's always my home as well,” said Zayouna. “For Iraq, your home country to make it, it's a big deal for us.”

The most important part is finding a place to catch the game. 

“We usually go somewhere, we choose a place to watch, either a friend's house, a restaurant or somewhere that we can watch the games and it brings everybody together,” said Zayouna. “It's that unity that soccer brings, you can't compare it to anything else.”"	Sahara Restaurant in Mississauga is hosting watch parties for Iraq as they take on Norway on June 16, France on June 22, and Senegal on June 26. They will be selling jerseys and are available for reservations. The City of Mississauga is also hosting free outdoor screening of the Norway and France game at Celebration Square.		./images/Iraq/video/slomo.mp4	./images/Iraq/video/slomo.mp4	./images/Iraq/RL_ WorldCupIraq_01.JPG	./images/Iraq/RL_ WorldCupIraq_02.JPG	4000	5826	4000	4978	./images/Iraq/RL_ WorldCupIraq_01.JPG|./images/Iraq/RL_ WorldCupIraq_02.JPG|./images/Iraq/RL_ WorldCupIraq_03.JPG|./images/Iraq/RL_ WorldCupIraq_04.JPG|./images/Iraq/RL_ WorldCupIraq_05.JPG	"The fan: Personal injury lawyer Joseph Zayouna, 49

Cheering for: Iraq was the last nation to qualify for this 48-team World Cup, ending a 40-year drought as they have only made one appearance in 1986. Iraq is a country of 46 million in West Asia located in the Middle East, while 10,732 people of Iraqi origin live in Toronto.

Why he's cheering: Growing up in Iraq during the country's first World Cup gave Joseph Zayouna his love for soccer.

He recalled the times he spent crowding around a TV in 1986 at social clubs or a friend's house to catch a game, moments that brought everyone in the neighbourhood together.

“I remember all the celebrations, the music, people on the streets, the flags. It was a great time, even though I was only really young,” said Zayouna.

Even after coming to Canada, soccer was still a big part of his life. Zayouna used to play in high school and helped organize recreational games with the Iraqi community in Thornhill. Friends and family of different ages and skills would come together to share the game.

“It's just so much fun for all of us to come together and play,” said Zayouna.

While he doesn't hit the pitch as much as he used to, he’s glad to see the next generation continue the sport and still host games in the neighbourhood.

Over the years, the Iraqi community has grown in Toronto and gatherings have played a big part in continuing their soccer traditions. Zayouna said he couldn’t be prouder of his country for making it back to the World Cup and the moments leading up to the tournament feel “surreal.”

“Canada is home now, but Iraq's always my home as well,” said Zayouna. “For Iraq, your home country to make it, it's a big deal for us.”

The most important part is finding a place to catch the game. 

“We usually go somewhere, we choose a place to watch, either a friend's house, a restaurant or somewhere that we can watch the games and it brings everybody together,” said Zayouna. “It's that unity that soccer brings, you can't compare it to anything else.”

How to cheer: 

Sahara Restaurant in Mississauga is hosting watch parties for Iraq as they take on Norway on June 16, France on June 22, and Senegal on June 26. They will be selling jerseys and are available for reservations. The City of Mississauga is also hosting free outdoor screening of the Norway and France game at Celebration Square."
Ivory Coast	Ivory-Coast	E	Cote d’Ivoire support group president Constant Adonis, 62	Côte d'Ivoire returns to the World Cup for the first time in 12 years. The West African nation has yet to make it out of the group stage in four appearances. About 18,865 people from Côte d'Ivoire live in Canada, with 1,225 in Toronto.	"Adonis' love for soccer first started through his father, an international soccer referee who travelled across Africa to call games for the Confederation of African Football. He would occasionally bring Adonis along with him to matches in their home country. It led to Adonis earning his own refereeing certification in Canada.

“I have it, but it was just to be curious and make sure when sometimes I'm at the stadium, to not complain about when the referee messes up,” joked Adonis.

Adonis recalls Côte d'Ivoire’s first appearance in the tournament, the 2006 World Cup, led by star Didier Drogba and how unforgettable the moment was for him and the entire country. He remembers the fan zones and celebrations.

The 62-year-old grew up in Côte d'Ivoire before moving to Quebec in 2008 and later settling in the Greater Toronto Area, where he has lived for the last 12 years.

Following the national team and managing his own soccer team has helped Adonis stay close to his roots. Since 2016, his team has competed weekly in Mississauga and also involved himself in tournaments.

“For us as immigrants, when you come here, we have no connection, so we need to start to build it,” he said Adonis. “The soccer team is one of the key points for us. To build a connection in the country.”

Adonis watched the team known as “The Elephants” when they played last summer in friendlies against Canada and New Zealand at BMO Field. He describes himself as a nervous wreck during games, preferring to watch it at home by himself in front of his TV.

He will be in attendance for Côte d'Ivoire’s lone World Cup game in Toronto against powerhouse Germany.

Côte d'Ivoire isn’t a favourite in the tournament, but Adonis says he can see his country surprising many people due to their resilience, passion and sneaky talent with many players now competing in top European leagues. They’ve won the AFCON title three times, most recently in 2024, and are in a group with Germany, Ecuador, and Curaçao."	"Before matches, most Côte d'Ivoire fans have a solid meal to give them energy to survive the gruelling 90-minute matches.

They’ll have local dishes like attiéké (cassava couscous), which is a staple side dish that goes with fish, along with a little alcohol for those who drink, to raise the adrenaline. Inside the stadium, alcohol is generally not allowed, so fans drink a lot of water and orange juice.

Fans of the team might check out one of the more unique viewing opportunities, a watch party held on Toronto Islands by Destination Canada when the nation plays Germany on June 20.

Adonis is helping organize a fan zone area and watch party for Côte d'Ivoire supporters in the city through the Côte d'Ivoire at TK.

“If they win, it will be an earthquake,” Adonis said about what would transpire back home. “Maybe for one week, people won’t go to work. They will celebrate in the street … If it happens, maybe I will take a flight to go directly to the country to see because it won't happen every time.”"					./images/Ivory-Coast/cc637773-e80d-42ad-b825-95d1f857bafd.jpg			1200	1600	./images/Ivory-Coast/cc637773-e80d-42ad-b825-95d1f857bafd.jpg	"The fan: Cote d’Ivoire support group president Constant Adonis, 62

The country: Côte d'Ivoire returns to the World Cup for the first time in 12 years. The West African nation has yet to make it out of the group stage in four appearances. About 18,865 people from Côte d'Ivoire live in Canada, with 1,225 in Toronto.

Why he cheers: Adonis' love for soccer first started through his father, an international soccer referee who travelled across Africa to call games for the Confederation of African Football. He would occasionally bring Adonis along with him to matches in their home country. It led to Adonis earning his own refereeing certification in Canada.

“I have it, but it was just to be curious and make sure when sometimes I'm at the stadium, to not complain about when the referee messes up,” joked Adonis.

Adonis recalls Côte d'Ivoire’s first appearance in the tournament, the 2006 World Cup, led by star Didier Drogba and how unforgettable the moment was for him and the entire country. He remembers the fan zones and celebrations.

The 62-year-old grew up in Côte d'Ivoire before moving to Quebec in 2008 and later settling in the Greater Toronto Area, where he has lived for the last 12 years.

Following the national team and managing his own soccer team has helped Adonis stay close to his roots. Since 2016, his team has competed weekly in Mississauga and also involved himself in tournaments.

“For us as immigrants, when you come here, we have no connection, so we need to start to build it,” he said Adonis. “The soccer team is one of the key points for us. To build a connection in the country.”

Adonis watched the team known as “The Elephants” when they played last summer in friendlies against Canada and New Zealand at BMO Field. He describes himself as a nervous wreck during games, preferring to watch it at home by himself in front of his TV.

He will be in attendance for Côte d'Ivoire’s lone World Cup game in Toronto against powerhouse Germany.

Côte d'Ivoire isn’t a favourite in the tournament, but Adonis says he can see his country surprising many people due to their resilience, passion and sneaky talent with many players now competing in top European leagues. They’ve won the AFCON title three times, most recently in 2024, and are in a group with Germany, Ecuador, and Curaçao.

How to cheer: Before matches, most Côte d'Ivoire fans have a solid meal to give them energy to survive the gruelling 90-minute matches.

They’ll have local dishes like attiéké (cassava couscous), which is a staple side dish that goes with fish, along with a little alcohol for those who drink, to raise the adrenaline. Inside the stadium, alcohol is generally not allowed, so fans drink a lot of water and orange juice.

Fans of the team might check out one of the more unique viewing opportunities, a watch party held on Toronto Islands by Destination Canada when the nation plays Germany on June 20.

Adonis is helping organize a fan zone area and watch party for Côte d'Ivoire supporters in the city through the Côte d'Ivoire at TK.

“If they win, it will be an earthquake,” Adonis said about what would transpire back home. “Maybe for one week, people won’t go to work. They will celebrate in the street … If it happens, maybe I will take a flight to go directly to the country to see because it won't happen every time.”"
Japan	Japan	F	Lorem ipsum dolor sit amet	Lorem ipsum dolor sit amet, consectetur adipiscing elit. Integer posuere erat a ante venenatis dapibus posuere velit aliquet.	"Lorem ipsum dolor sit amet, consectetur adipiscing elit. Praesent commodo cursus magna, vel scelerisque nisl consectetur et. Donec ullamcorper nulla non metus auctor fringilla.

Curabitur blandit tempus porttitor. Aenean lacinia bibendum nulla sed consectetur. Etiam porta sem malesuada magna mollis euismod."	Maecenas faucibus mollis interdum. Sed posuere consectetur est at lobortis. Cras justo odio, dapibus ac facilisis in, egestas eget quam.											"The fan: Lorem ipsum dolor sit amet

Cheering for: Lorem ipsum dolor sit amet, consectetur adipiscing elit. Integer posuere erat a ante venenatis dapibus posuere velit aliquet.

Why they cheer: Lorem ipsum dolor sit amet, consectetur adipiscing elit. Praesent commodo cursus magna, vel scelerisque nisl consectetur et. Donec ullamcorper nulla non metus auctor fringilla.

Curabitur blandit tempus porttitor. Aenean lacinia bibendum nulla sed consectetur. Etiam porta sem malesuada magna mollis euismod.

How to cheer: Maecenas faucibus mollis interdum. Sed posuere consectetur est at lobortis. Cras justo odio, dapibus ac facilisis in, egestas eget quam."
Jordan	Jordan	J	Lorem ipsum dolor sit amet	Lorem ipsum dolor sit amet, consectetur adipiscing elit. Integer posuere erat a ante venenatis dapibus posuere velit aliquet.	"Lorem ipsum dolor sit amet, consectetur adipiscing elit. Praesent commodo cursus magna, vel scelerisque nisl consectetur et. Donec ullamcorper nulla non metus auctor fringilla.

Curabitur blandit tempus porttitor. Aenean lacinia bibendum nulla sed consectetur. Etiam porta sem malesuada magna mollis euismod."	Maecenas faucibus mollis interdum. Sed posuere consectetur est at lobortis. Cras justo odio, dapibus ac facilisis in, egestas eget quam.											"The fan: Lorem ipsum dolor sit amet

Cheering for: Lorem ipsum dolor sit amet, consectetur adipiscing elit. Integer posuere erat a ante venenatis dapibus posuere velit aliquet.

Why they cheer: Lorem ipsum dolor sit amet, consectetur adipiscing elit. Praesent commodo cursus magna, vel scelerisque nisl consectetur et. Donec ullamcorper nulla non metus auctor fringilla.

Curabitur blandit tempus porttitor. Aenean lacinia bibendum nulla sed consectetur. Etiam porta sem malesuada magna mollis euismod.

How to cheer: Maecenas faucibus mollis interdum. Sed posuere consectetur est at lobortis. Cras justo odio, dapibus ac facilisis in, egestas eget quam."
Mexico	Mexico	A	Toronto Blue Jays rookie catcher Brandon Valenzuela, 25.	The native of Hermosillo is cheering for his home country, Mexico. The nation, which is co-hosting along with Canada and the U.S., is a World Cup regular. This year marks El Tricolor's 18th appearance, and they have reached the quarterfinals twice. A total of 24,165 people in the Toronto CMA claim Mexican origin.	"Valenzuela is pulling for his home team in part because of the challenges they face.

“I’m rooting for the guys in Mexico because even though they’re on the national team, I know that they do a lot and there’s a lot going on in Mexico as a country,"" he said. ""The Federation of Football has not been doing a great job and that’s just been known for a little bit now in Mexico. We’re just cheering on our guys because some of them have left Mexico to play in Europe and come back quick because for some reason Mexicans in football have a bad reputation of being undisciplined, that’s what they think over there, so they’ve been working their ass off.

“We know that Mexico is not in the greatest spot in history for football, but we’re Mexican, so we just push for each other.”

A pro athlete himself, Valenzuela knows Mexican team player Armando Gonzalez. They have mutual friends. Gonzalez, 23, is nicknamed La Hormiga (the ant), apparently because of a childhood phobia of ants. He won the Golden Boot in the Mexican League in 2025.

Valenzuela is an MLB catcher, so he knows toughness. He said you should pull for his team because they have the same characteristics.

“The effort that the guys have been putting on. I know that they first started training about a month ago and they’ve been going back and forth between the national team and their professional teams and they’ve been going back and forth and back and forth a lot. So they’ve been grinding their asses off for the last month-and-a-half. So that’s one reason — the effort they put in — and also they deserve it.”"	"It could almost be a challenge not to find a place to pull for Mexico, with no shortage of places to eat, drink and cheer on our World Cup co-host — the city's World Cup website says that by number of restaurants, Mexican food is among Toronto's top five cuisines, with viewing opportunities to match. And if you love general Latin American flavour with your futbol, the Soccer International Cup Latin Fair takes over Artscape Wychwood Barns on June 20, and Mel Lastman Square on June 21.

How to cheer suggestions:

-I think this Toronto restaurant is having a taco eating competition every Wednesday through world cup, winner gets a soccer ball: https://www.instagram.com/reels/DX-zZFzND2p/

La unica in Toronto https://www.instagram.com/reels/DWXUcaVkWyZ/

-From Toronto's World cup website:Mexican food is everywhere in Toronto. In fact, by number of restaurants, it ranks among the top five cuisines in the city."				./images/Mexico/01_RL_ValenzuelaMexico1.JPG	./images/Mexico/2270233881.JPG	4871	4000	5401	3601	./images/Mexico/01_RL_ValenzuelaMexico1.JPG|./images/Mexico/2270233881.JPG	"The fan: Toronto Blue Jays rookie catcher Brandon Valenzuela, 25.

Cheering for: The native of Hermosillo is cheering for his home country, Mexico. The nation, which is co-hosting along with Canada and the U.S., is a World Cup regular. This year marks El Tricolor's 18th appearance, and they have reached the quarterfinals twice. A total of 24,165 people in the Toronto CMA claim Mexican origin.

Why he's cheering: Valenzuela is pulling for his home team in part because of the challenges they face.

“I’m rooting for the guys in Mexico because even though they’re on the national team, I know that they do a lot and there’s a lot going on in Mexico as a country,"" he said. ""The Federation of Football has not been doing a great job and that’s just been known for a little bit now in Mexico. We’re just cheering on our guys because some of them have left Mexico to play in Europe and come back quick because for some reason Mexicans in football have a bad reputation of being undisciplined, that’s what they think over there, so they’ve been working their ass off.

“We know that Mexico is not in the greatest spot in history for football, but we’re Mexican, so we just push for each other.”

A pro athlete himself, Valenzuela knows Mexican team player Armando Gonzalez. They have mutual friends. Gonzalez, 23, is nicknamed La Hormiga (the ant), apparently because of a childhood phobia of ants. He won the Golden Boot in the Mexican League in 2025.

Valenzuela is an MLB catcher, so he knows toughness. He said you should pull for his team because they have the same characteristics.

“The effort that the guys have been putting on. I know that they first started training about a month ago and they’ve been going back and forth between the national team and their professional teams and they’ve been going back and forth and back and forth a lot. So they’ve been grinding their asses off for the last month-and-a-half. So that’s one reason — the effort they put in — and also they deserve it.”

How to cheer:  It could almost be a challenge not to find a place to pull for Mexico, with no shortage of places to eat, drink and cheer on our World Cup co-host — the city's World Cup website says that by number of restaurants, Mexican food is among Toronto's top five cuisines, with viewing opportunities to match. And if you love general Latin American flavour with your futbol, the Soccer International Cup Latin Fair takes over Artscape Wychwood Barns on June 20, and Mel Lastman Square on June 21.

How to cheer suggestions:

-I think this Toronto restaurant is having a taco eating competition every Wednesday through world cup, winner gets a soccer ball: https://www.instagram.com/reels/DX-zZFzND2p/

La unica in Toronto https://www.instagram.com/reels/DWXUcaVkWyZ/

-From Toronto's World cup website:Mexican food is everywhere in Toronto. In fact, by number of restaurants, it ranks among the top five cuisines in the city."
Morocco	Morocco	C	President of the Moroccan Association of Toronto Mohamed Benjelloun, 54.	Morocco reached the semifinals at the 2022 World Cup in Qatar, becoming the first African nation to do so. The country that borders the Atlantic Ocean and Mediterranean Sea has about 81,770 expats living in Canada — mostly in Quebec — and 4,320 in Toronto.	"Benjelloun is old enough to remember Morocco's rise as a soccer nation at the 1986 World Cup when the country made it out of its group as underdogs, defeating powerhouse Portugal and drawing with Poland and England.

That year, Morocco became the first African team to move to the second round of the tournament.

“That was the start of a new generation of soccer players and of soccer in general in Morocco that actually expanded to 30 years later to this time,” said Benjelloun.

Now, the president of the Moroccan association in Toronto, Benjelloun, who came to Canada in the 1990s for school and settled in Toronto, finds time to follow the national team closely, even making the trip out to Qatar four years ago. It was a special experience for Benjelloun, who was part of a large contingent of Moroccan fans that took over the stadium during matches as many made the trip from different parts of the world.

Benjelloun describes Moroccan fans as animated, especially with the love for the team growing in recent years, with their success in their last few World Cup appearances. In 2022, they became the first African and Arab nation to reach the semi-finals, thanks in part to its fourth-place finish in 2022.

“It’s just something that we Moroccans didn't believe would happen,” said Benjelloun. “Those are really some of the most unique moments that I've lived in my life watching the national team.”

Morocco enters the tournament ranked eighth, according to FIFA's men’s world ranking, making them the top-ranked African team.

But it also arrives in a cloud of controversy stemming from the final of the Africa Cup of Nations in January. Morocco lost the match 1-0 to Senegal but in March was awarded the title and a 3-0 victory, per rules of forfeited matches, after Senegal had walked off the field for 15 minutes during the match's stoppage time in protest of a disallowed goal and then later a penalty awarded to Morocco. The Confederation of African Football ruled Senegal “declared to have forfeited the final” and stripped them of its title. That ruling is now being appealed by Senegal.

 “I think both teams didn't deserve to win,” said Benjelloun, who didn’t believe Morocco played well enough. “I don't think that Senegal deserved to win, not after they did what they did, because it was all premeditated and all planned in advance. That’s not how you win.”

Benjelloun wouldn’t mind seeing Senegal in a rematch that many fans want to see take place in this World Cup. Morocco needs to first get out of its group, which includes Brazil, Scotland and Haiti. The team will be led by Achraf Hakimi, who is considered one of the best right-backs in the world."	"Morocco fans don’t normally have a special food when it comes to games, says Benjelloun. Sfenj is a well-known Moroccan doughnut, but unlike other nations that might drink alcohol, Morocco is a Muslim-majority country and tea is a huge part of their culture.

Fans in the city can catch the team twice at the official Fan Festival, on June 13 against Brazil and on June 19 against Scotland (premium tickets are still available). The team is hoping to build on its run in the last World Cup and become the first African team to win the tournament. Benjelloun says if they can win it all, maybe it can inspire other nations, too.

“I generally cheer for all the African teams,” said Benjelloun. “If Morocco is not playing, I'm a fan of the next African team that plays, with no exception. I really hoped that this time that more than two or three African teams at a minimum advance to the third stage, to the round of 16.”"					./images/Morocco/IMG_2910.jpg			3000	4000	./images/Morocco/IMG_2910.jpg	"The fan: President of the Moroccan Association of Toronto Mohamed Benjelloun, 54.

The country: Morocco reached the semifinals at the 2022 World Cup in Qatar, becoming the first African nation to do so. The country that borders the Atlantic Ocean and Mediterranean Sea has about 81,770 expats living in Canada — mostly in Quebec — and 4,320 in Toronto.

Why he cheers: Benjelloun is old enough to remember Morocco's rise as a soccer nation at the 1986 World Cup when the country made it out of its group as underdogs, defeating powerhouse Portugal and drawing with Poland and England.

That year, Morocco became the first African team to move to the second round of the tournament.

“That was the start of a new generation of soccer players and of soccer in general in Morocco that actually expanded to 30 years later to this time,” said Benjelloun.

Now, the president of the Moroccan association in Toronto, Benjelloun, who came to Canada in the 1990s for school and settled in Toronto, finds time to follow the national team closely, even making the trip out to Qatar four years ago. It was a special experience for Benjelloun, who was part of a large contingent of Moroccan fans that took over the stadium during matches as many made the trip from different parts of the world.

Benjelloun describes Moroccan fans as animated, especially with the love for the team growing in recent years, with their success in their last few World Cup appearances. In 2022, they became the first African and Arab nation to reach the semi-finals, thanks in part to its fourth-place finish in 2022.

“It’s just something that we Moroccans didn't believe would happen,” said Benjelloun. “Those are really some of the most unique moments that I've lived in my life watching the national team.”

Morocco enters the tournament ranked eighth, according to FIFA's men’s world ranking, making them the top-ranked African team.

But it also arrives in a cloud of controversy stemming from the final of the Africa Cup of Nations in January. Morocco lost the match 1-0 to Senegal but in March was awarded the title and a 3-0 victory, per rules of forfeited matches, after Senegal had walked off the field for 15 minutes during the match's stoppage time in protest of a disallowed goal and then later a penalty awarded to Morocco. The Confederation of African Football ruled Senegal “declared to have forfeited the final” and stripped them of its title. That ruling is now being appealed by Senegal.

 “I think both teams didn't deserve to win,” said Benjelloun, who didn’t believe Morocco played well enough. “I don't think that Senegal deserved to win, not after they did what they did, because it was all premeditated and all planned in advance. That’s not how you win.”

Benjelloun wouldn’t mind seeing Senegal in a rematch that many fans want to see take place in this World Cup. Morocco needs to first get out of its group, which includes Brazil, Scotland and Haiti. The team will be led by Achraf Hakimi, who is considered one of the best right-backs in the world. 

How to cheer: Morocco fans don’t normally have a special food when it comes to games, says Benjelloun. Sfenj is a well-known Moroccan doughnut, but unlike other nations that might drink alcohol, Morocco is a Muslim-majority country and tea is a huge part of their culture.

Fans in the city can catch the team twice at the official Fan Festival, on June 13 against Brazil and on June 19 against Scotland (premium tickets are still available). The team is hoping to build on its run in the last World Cup and become the first African team to win the tournament. Benjelloun says if they can win it all, maybe it can inspire other nations, too.

“I generally cheer for all the African teams,” said Benjelloun. “If Morocco is not playing, I'm a fan of the next African team that plays, with no exception. I really hoped that this time that more than two or three African teams at a minimum advance to the third stage, to the round of 16.”"
Netherlands	Netherlands	F	Borrel restaurant owner and chef Justin Go, 48.	the Netherlands will make their 12th World Cup appearance and they've reached the knockout stage in each. Approximately 75,830 people with Dutch roots live in Canada, with 6,070 residing in Toronto.	"Most times, Go finds himself stuck in the back of the kitchen during World Cup matches that involve the Netherlands. He says that’s a good thing as he can get riled up depending on the outcome.

He remembers his restaurant going berserk four years ago during the quarterfinal match between the Netherlands and Argentina as the Oranje rallied back from 2-0 to force penalties against the eventual World Cup champions.

“One of the most amazing Dutch moments I've ever witnessed, but with a bit of a sad ending,” said Go.

It was up there with the 2010 World Cup final loss to Spain — massive adrenalin rush with a touch of heartbreak. It's also why, despite his passion for his team, he's pessimistic about their chances this year.

“There's no other sporting event ... like Dutch football,” said Go. “That's for me the absolute pinnacle of emotion for sport. I like the 49ers for American football, and I'll get pretty into that if they're in the playoffs, but it's nowhere near the emotion that I feel for the Dutch team. That's absolutely through the roof.”

Born and raised in Canada, Go opened up his restaurant in 2017. He originally made Dutch food and snacks for friends from time to time, but after raving reviews he opened a pop-up once a week before officially calling the Danforth area home and providing Dutch comfort food and cocktails.

“In Toronto, you can get literally every kind of food you could think of, but nobody was doing Dutch food,” said Go, whose restaurant also offers Indonesian food. “I just always contemplated this over coffee with my wife in the morning and was just like, ‘What if we started a place?’”"	"The Borrel has been a go-to spot for Dutch fans to watch World Cup games, making you feel like you’re back in the Netherlands.

The restaurant offers Dutch snacks during matches on disposable containers for supporters to enjoy, such as Bitterballen, which is a beef stew rolled into balls and breaded then deep fried, often eaten with mustard.

Patatje Oorlog, also known as “war fries,” is a very popular snack, which is crispy fries combined with mayonnaise, spicy peanut satay sauce and raw onions. Frikandel is another traditional snack, which includes ground meat sausage.

Go says his restaurant will likely be filled to capacity — about 60 people — during matches on a first-come, first-served basis. He’s hoping the Netherlands make history this summer as it would likely translate into the greatest moment in the bar’s history, too.

“It’s kind of the most Dutch kind of feeling that we can have,” said Go. “During these games, you're hugging strangers and you're celebrating together, and you’re crying together, and everything like that.”"		./images/Netherlands/video/slomo.mp4	./images/Netherlands/video/slomo.mp4	./images/Netherlands/b-roll/NL_Netherlands fan_0001.JPG	./images/Netherlands/b-roll/NL_Netherlands fan_0004.JPG	5269	3513	4000	6000	./images/Netherlands/b-roll/NL_Netherlands fan_0001.JPG|./images/Netherlands/b-roll/NL_Netherlands fan_0004.JPG|./images/Netherlands/b-roll/NL_Netherlands fan_0005.JPG|./images/Netherlands/NL_Netherlands fan_0002.JPG|./images/Netherlands/NL_Netherlands fan_0007.JPG|./images/Netherlands/NL_Netherlands fan_0008.JPG	"The fan: Borrel restaurant owner and chef Justin Go, 48.

The country: the Netherlands will make their 12th World Cup appearance and they've reached the knockout stage in each. Approximately 75,830 people with Dutch roots live in Canada, with 6,070 residing in Toronto.

Why he cheers: Most times, Go finds himself stuck in the back of the kitchen during World Cup matches that involve the Netherlands. He says that’s a good thing as he can get riled up depending on the outcome.

He remembers his restaurant going berserk four years ago during the quarterfinal match between the Netherlands and Argentina as the Oranje rallied back from 2-0 to force penalties against the eventual World Cup champions.

“One of the most amazing Dutch moments I've ever witnessed, but with a bit of a sad ending,” said Go.

It was up there with the 2010 World Cup final loss to Spain — massive adrenalin rush with a touch of heartbreak. It's also why, despite his passion for his team, he's pessimistic about their chances this year.

“There's no other sporting event ... like Dutch football,” said Go. “That's for me the absolute pinnacle of emotion for sport. I like the 49ers for American football, and I'll get pretty into that if they're in the playoffs, but it's nowhere near the emotion that I feel for the Dutch team. That's absolutely through the roof.”

Born and raised in Canada, Go opened up his restaurant in 2017. He originally made Dutch food and snacks for friends from time to time, but after raving reviews he opened a pop-up once a week before officially calling the Danforth area home and providing Dutch comfort food and cocktails.

“In Toronto, you can get literally every kind of food you could think of, but nobody was doing Dutch food,” said Go, whose restaurant also offers Indonesian food. “I just always contemplated this over coffee with my wife in the morning and was just like, ‘What if we started a place?’”

How to cheer: The Borrel has been a go-to spot for Dutch fans to watch World Cup games, making you feel like you’re back in the Netherlands.

The restaurant offers Dutch snacks during matches on disposable containers for supporters to enjoy, such as Bitterballen, which is a beef stew rolled into balls and breaded then deep fried, often eaten with mustard.

Patatje Oorlog, also known as “war fries,” is a very popular snack, which is crispy fries combined with mayonnaise, spicy peanut satay sauce and raw onions. Frikandel is another traditional snack, which includes ground meat sausage.

Go says his restaurant will likely be filled to capacity — about 60 people — during matches on a first-come, first-served basis. He’s hoping the Netherlands make history this summer as it would likely translate into the greatest moment in the bar’s history, too.

“It’s kind of the most Dutch kind of feeling that we can have,” said Go. “During these games, you're hugging strangers and you're celebrating together, and you’re crying together, and everything like that.”"
New Zealand	New-Zealand	G	Sports and entertainment manager Hayden Burford, 36.	New Zealand, which has two group-stage matches in Vancouver. Just under 2,000 people in the Toronto CMA claim the southwestern Pacific nation as their country of ethnic or cultural origin, according to Statistics Canada.	"Burford's eyes were opened when New Zealand qualified for the World Cup in 2010, which put soccer on the map for many Kiwi fans. New Zealand went undefeated at the tournament (the only country to do so), drawing in all three of its matches.

“That’s the fact New Zealand football fans like to hold on to,” said Buford, who was a university student at the time and remembers the country going wild. “We haven't been to a World Cup since, it's been 16 years. That's why I think this World Cup is such an exciting time.”

The 36 year old is now a board member of Kia Ora Canada, an organization that connects Kiwi expatriates and Canadians. During an international men’s soccer tournament in Canada last year, Burford emailed the CEO of the New Zealand national team, pitching an event before their match. The team agreed, leading to a ""welcome Haka” ceremonial performance for the New Zealand team.

Once word got out that New Zealand would play in Vancouver, Burford knew he wanted to do something similar. He's collaborating with the national team on hosting pre-match events, with thousands of fans expected to travel from around the world. “People see this as a once-in-a-lifetime sort of a trip,” said Burford.

The Kiwis are the lowest-ranked team in the World Cup this year. Burford argues that doesn't define them, since they're in the Oceania Football Confederation and don't always get to play the best of the best.

“We’ve never won a World Cup game, so if we can go there and win a game, for us, it's like winning the World Cup,” said Burford. 

Back in 2019, Burford moved to Canada on a two-year working visa, settling in the city. He was eager to see what a North American sporting environment was like, and arrived during the Toronto Raptors championship run in 2019. 

“That was very eye-opening, seeing how passionate … especially the Toronto sports fans are,” said Burford. ""As someone from New Zealand, we just don't get to experience that much.”"	"Hemingway’s has been Toronto's home away from home for New Zealanders for 42 years. Whatever match the country competes in, it’s almost guaranteed that it will be aired at the Yorkville location.

Burford usually has a mince or cheese pie, a Kiwi staple. Fish and chips are also big, as Burford will be at the restaurant for the group stage match against Iran before travelling to watch his country play in person against Egypt and Belgium.

“We’ll get as many Kiwis as possible there. I think we'll be packed,” said Burford. “Going off like other World Cups … it'll be hard to get a seat. I think it'll be buzzing and there'll be a good atmosphere.”"		./images/New-Zealand/video/slomo.mp4	./images/New-Zealand/video/slomo.mp4	./images/New-Zealand/rpj_Hemmingways_01.JPG	./images/New-Zealand/rpj_Hemmingways_02.JPG	6000	4000	2586	3878	./images/New-Zealand/rpj_Hemmingways_01.JPG|./images/New-Zealand/rpj_Hemmingways_02.JPG|./images/New-Zealand/rpj_Hemmingways_03.JPG	"The fan: Sports and entertainment manager Hayden Burford, 36.

The country: New Zealand, which has two group-stage matches in Vancouver. Just under 2,000 people in the Toronto CMA claim the southwestern Pacific nation as their country of ethnic or cultural origin, according to Statistics Canada.

Why he cheers: Burford's eyes were opened when New Zealand qualified for the World Cup in 2010, which put soccer on the map for many Kiwi fans. New Zealand went undefeated at the tournament (the only country to do so), drawing in all three of its matches.

“That’s the fact New Zealand football fans like to hold on to,” said Buford, who was a university student at the time and remembers the country going wild. “We haven't been to a World Cup since, it's been 16 years. That's why I think this World Cup is such an exciting time.”

The 36 year old is now a board member of Kia Ora Canada, an organization that connects Kiwi expatriates and Canadians. During an international men’s soccer tournament in Canada last year, Burford emailed the CEO of the New Zealand national team, pitching an event before their match. The team agreed, leading to a ""welcome Haka” ceremonial performance for the New Zealand team.

Once word got out that New Zealand would play in Vancouver, Burford knew he wanted to do something similar. He's collaborating with the national team on hosting pre-match events, with thousands of fans expected to travel from around the world. “People see this as a once-in-a-lifetime sort of a trip,” said Burford.

The Kiwis are the lowest-ranked team in the World Cup this year. Burford argues that doesn't define them, since they're in the Oceania Football Confederation and don't always get to play the best of the best.

“We’ve never won a World Cup game, so if we can go there and win a game, for us, it's like winning the World Cup,” said Burford. 

Back in 2019, Burford moved to Canada on a two-year working visa, settling in the city. He was eager to see what a North American sporting environment was like, and arrived during the Toronto Raptors championship run in 2019. 

“That was very eye-opening, seeing how passionate … especially the Toronto sports fans are,” said Burford. ""As someone from New Zealand, we just don't get to experience that much.”

How to cheer: Hemingway’s has been Toronto's home away from home for New Zealanders for 42 years. Whatever match the country competes in, it’s almost guaranteed that it will be aired at the Yorkville location.

Burford usually has a mince or cheese pie, a Kiwi staple. Fish and chips are also big, as Burford will be at the restaurant for the group stage match against Iran before travelling to watch his country play in person against Egypt and Belgium.

“We’ll get as many Kiwis as possible there. I think we'll be packed,” said Burford. “Going off like other World Cups … it'll be hard to get a seat. I think it'll be buzzing and there'll be a good atmosphere.”"
Norway	Norway	I	President of the Norwegian Club of Toronto Thomas Jansen, 37.	Norway will return to the World Cup for the first time since 1998, led by captain Martin Ødegaard and superstar striker Erling Haaland. The country has never made it past the round of 16, but Norway did win the FIFA Women’s World Cup in 1995. Approximately 5.7 million people live in Norway, with roughly 50,000 Norwegian nationals in Canada and 15,000 of them across the GTA.	"Jansen moved to Canada in 2021 and brought his love of soccer with him to Toronto. He only just got his citizenship this past April, a change he’s excited for as he sees Norway and Canada share the same “high standards of living.”

Before suffering an injury, he played in the Extreme Toronto Sports Club soccer league in the city with his friends once a week. But that hasn’t deterred the lifelong soccer fan. 

Growing up and into adulthood, he was always watching and playing soccer — until last year, when he tore his Achilles tendon. While he doesn’t follow a particular club team, he’s always leaned toward cheering for Manchester United in the Premier League.

“We have a young and exciting team right now,” Jansen said of Norway, nodding toward his favourite player, Ødegaard. “He makes it happen.”"	"For Norwegian fans, it’s best to keep an eye on the Norwegian Club of Toronto social media pages for watch parties.

Planning the meetups are still on the club’s to-do list, Jansen said, but he is expecting dozens of people to show up. It’ll likely be a familiar bar or pub to the club’s members and likely be inside downtown Toronto.

The club was started roughly five decades ago to connect Norwegian nationals to their community, traditions and culture. Many of its founding members are still involved and are thrilled to see Norway back on the world soccer stage this year.

“People have been waiting for this for a long time,"" Jansen said.

He believes Norway has a good chance of becoming the “underdog story” in this year’s tournament. Most club members believe that Norway earned its spot in the tournament because of its expansion from 32 to 48 teams this year.

“I’m just excited that we finally get to watch our own team during the World Cup.”"				./images/Norway/rpj_NorwayFanWC_01.JPG	./images/Norway/rpj_NorwayFanWC_02.JPG	6000	4000	5736	3682	./images/Norway/rpj_NorwayFanWC_01.JPG|./images/Norway/rpj_NorwayFanWC_02.JPG|./images/Norway/rpj_NorwayFanWC_03.JPG|./images/Norway/rpj_NorwayFanWC_04.JPG	"The fan: President of the Norwegian Club of Toronto Thomas Jansen, 37. 

The country: Norway will return to the World Cup for the first time since 1998, led by captain Martin Ødegaard and superstar striker Erling Haaland. The country has never made it past the round of 16, but Norway did win the FIFA Women’s World Cup in 1995. Approximately 5.7 million people live in Norway, with roughly 50,000 Norwegian nationals in Canada and 15,000 of them across the GTA. 

Why he cheers: Jansen moved to Canada in 2021 and brought his love of soccer with him to Toronto. He only just got his citizenship this past April, a change he’s excited for as he sees Norway and Canada share the same “high standards of living.”

Before suffering an injury, he played in the Extreme Toronto Sports Club soccer league in the city with his friends once a week. But that hasn’t deterred the lifelong soccer fan. 

Growing up and into adulthood, he was always watching and playing soccer — until last year, when he tore his Achilles tendon. While he doesn’t follow a particular club team, he’s always leaned toward cheering for Manchester United in the Premier League.

“We have a young and exciting team right now,” Jansen said of Norway, nodding toward his favourite player, Ødegaard. “He makes it happen.”

How to cheer: For Norwegian fans, it’s best to keep an eye on the Norwegian Club of Toronto social media pages for watch parties. 

Planning the meetups are still on the club’s to-do list, Jansen said, but he is expecting dozens of people to show up. It’ll likely be a familiar bar or pub to the club’s members and likely be inside downtown Toronto.

The club was started roughly five decades ago to connect Norwegian nationals to their community, traditions and culture. Many of its founding members are still involved and are thrilled to see Norway back on the world soccer stage this year.

“People have been waiting for this for a long time,"" Jansen said.

He believes Norway has a good chance of becoming the “underdog story” in this year’s tournament. Most club members believe that Norway earned its spot in the tournament because of its expansion from 32 to 48 teams this year.

“I’m just excited that we finally get to watch our own team during the World Cup.”"
Panama	Panama	L	Airline employee Christopher Daraiche.	Panama, a country that will make its second World Cup appearance, and will play two games in Toronto. There’s an estimated 2,800 Panamanians people living in Canada, with approximately 925 residing in the city of Toronto.	"The first (and only) time Panama played in a World Cup in 2018, Toronto native Christopher Daraiche was shocked his country was tied with Belgium at halftime, with neither team conceding a goal.

His excitement quickly evaporated as Belgium came out of the break strong and Panama lost 3-0. Daraiche had been waiting for this moment for years. He can recall when he was a kid and Panama was just inches away from soccer glory in the 2005 CONCACAF Gold Cup. The team surprised many by making it to the final, before losing to the United States in a shootout.

“That one would be our first major trophy, but unfortunately they didn't make it,” said Daraiche.

Eight years after their first World Cup appearance in Russia, the 32-year-old will get the chance to watch Panama try and make history, but this time he’ll get to do it in person after securing tickets to Panama’s game at Toronto Stadium against Ghana.

“This World Cup, I feel they can advance for real,” said Daraiche. “Now that World Cup is here in America, it's another type of vibe … I've been waiting for this since I was a kid.”

Daraiche grew up in Montreal, but has moved back and forth to Panama over the years, first living in his mother’s homeland when he was seven. That’s when he saw the obsession around the national team. Despite the team not having much success, it rubbed off on him.

He goes back often to visit. Daraiche is excited to be among passionate Panama fans. For most of them, just being in the World Cup is a celebration in its own right.  

In 2018, he remembers when Panama scored its first ever goal in the tournament against England. The team was losing 6-0 and had no chance of mounting a comeback, but a goal in the 78th minute by Felipe Abdiel Baloy Ramírez etched his name in history.

“All the fans that were there at the stadium, they were celebrating that goal like if they were winning the game,” said Daraiche, who expects a similar atmosphere with Panama playing two games in Toronto.

Panama's chances of advancing in the tournament are seen as low, with the country sharing a group with Ghana, Croatia and England. Even so, Daraiche is excited to see how they will perform against those top teams. He and his close friends in Panama will be active in their group chat during matches.

“it’s like one per cent of probability and 99 per cent of faith,” said Daraiche. “On the pitch, it's 11 versus 11. There's always a chance. In football you never know what's going to happen.”

Daraiche points to Greece's victory at Euro 2004 — widely considered one of the biggest shocks in international football history — as a reason for hope. He believes the first game will be crucial in determining if they will advance out of the group.

“I feel like people are thinking that the national team is going there for vacation,” said Daraiche. “If they (get) a good result on the first one, their chances to advance to the next round will be really impressive.”"	"As many Panama fans will be watching the first two games in the stadium, others plan to gather at Nathan Philips Square from June 17 to 20 for an international drumming and unity festival.

Daraiche says most Panamians will have chicken wings and a six-pack of beer while watching a game. After the match — for those that have been drinking — they’ll have Sancocho, a chicken stew that is one of the country’s national dishes. 

On the way to games, he expects to hear the unofficial national anthem of Panama, “Patria” by Ruben Blades, to kick of the excitement of the country being back on the world stage."				./images/Panama/5a503bed-b682-47b3-b509-ff73cc2be2b2.jpg	./images/Panama/7ae5b21d-07f3-4e90-8234-a45f16d24796.jpg	1600	1200	1152	864	./images/Panama/5a503bed-b682-47b3-b509-ff73cc2be2b2.jpg|./images/Panama/7ae5b21d-07f3-4e90-8234-a45f16d24796.jpg|./images/Panama/82e9aa95-3f34-4c09-8129-67c7b3a8850c.jpg|./images/Panama/aa85f3d8-bf1d-4b6e-971c-b0e386055c42.jpg	"The fan: Airline employee Christopher Daraiche.

The country: Panama, a country that will make its second World Cup appearance, and will play two games in Toronto. There’s an estimated 2,800 Panamanians people living in Canada, with approximately 925 residing in the city of Toronto.

Why he cheers: The first (and only) time Panama played in a World Cup in 2018, Toronto native Christopher Daraiche was shocked his country was tied with Belgium at halftime, with neither team conceding a goal.

His excitement quickly evaporated as Belgium came out of the break strong and Panama lost 3-0. Daraiche had been waiting for this moment for years. He can recall when he was a kid and Panama was just inches away from soccer glory in the 2005 CONCACAF Gold Cup. The team surprised many by making it to the final, before losing to the United States in a shootout.

“That one would be our first major trophy, but unfortunately they didn't make it,” said Daraiche.

Eight years after their first World Cup appearance in Russia, the 32-year-old will get the chance to watch Panama try and make history, but this time he’ll get to do it in person after securing tickets to Panama’s game at Toronto Stadium against Ghana.

“This World Cup, I feel they can advance for real,” said Daraiche. “Now that World Cup is here in America, it's another type of vibe … I've been waiting for this since I was a kid.”

Daraiche grew up in Montreal, but has moved back and forth to Panama over the years, first living in his mother’s homeland when he was seven. That’s when he saw the obsession around the national team. Despite the team not having much success, it rubbed off on him.

He goes back often to visit. Daraiche is excited to be among passionate Panama fans. For most of them, just being in the World Cup is a celebration in its own right.  

In 2018, he remembers when Panama scored its first ever goal in the tournament against England. The team was losing 6-0 and had no chance of mounting a comeback, but a goal in the 78th minute by Felipe Abdiel Baloy Ramírez etched his name in history.

“All the fans that were there at the stadium, they were celebrating that goal like if they were winning the game,” said Daraiche, who expects a similar atmosphere with Panama playing two games in Toronto.

Panama's chances of advancing in the tournament are seen as low, with the country sharing a group with Ghana, Croatia and England. Even so, Daraiche is excited to see how they will perform against those top teams. He and his close friends in Panama will be active in their group chat during matches.

“it’s like one per cent of probability and 99 per cent of faith,” said Daraiche. “On the pitch, it's 11 versus 11. There's always a chance. In football you never know what's going to happen.”

Daraiche points to Greece's victory at Euro 2004 — widely considered one of the biggest shocks in international football history — as a reason for hope. He believes the first game will be crucial in determining if they will advance out of the group.

“I feel like people are thinking that the national team is going there for vacation,” said Daraiche. “If they (get) a good result on the first one, their chances to advance to the next round will be really impressive.”

How to cheer: As many Panama fans will be watching the first two games in the stadium, others plan to gather at Nathan Philips Square from June 17 to 20 for an international drumming and unity festival.

Daraiche says most Panamians will have chicken wings and a six-pack of beer while watching a game. After the match — for those that have been drinking — they’ll have Sancocho, a chicken stew that is one of the country’s national dishes. 

On the way to games, he expects to hear the unofficial national anthem of Panama, “Patria” by Ruben Blades, to kick of the excitement of the country being back on the world stage."
Paraguay	Paraguay	D	Matthew Ransom, owner of Latinito Empanadas, 29.	Paraguay has made 10 appearances at the World Cup but this will be their first appearance since 2010. Approximately 7.1 million people live in Paraguay, with roughly 8,000 Paraguayan nationals in Canada and 450 of them living in Toronto.	"Ransom’s entire family back in Paraguay are “huge soccer fanatics."" No matter who’s playing, his dad will always watch a soccer match and his mother grew up surrounded by soccer talk and friendly competitive matches.

Naturally, he became immersed in the sport. Growing up in Brampton, he joined a team as a child and every recess, he would be out kicking the ball with friends. 

It’s Paraguay’s first time in the renowned soccer tournament in 16 years, where the nation had its best finish in reaching the quarterfinals. Ransom believes they’re due for a win. 

“They’ve always kind of been the underdog of South America,” he said, pointing toward other countries such as Argentina and Brazil, who have won a combined eight World Cups and are more recognized. “Most people have never met a Paraguayan person.”"	"To cheer the Paraguayan way, Ransom says the first step is to find out who in your circle has the largest barbecue grill and television. This is referred to as “assado,” which translates to “roast,” and refers to the social event of spending hours on the grill with loved ones.

During the game, it’s customary to pass around a cup of yerba mare, a traditional herbal drink, or tereré, an infusion of the tea with ice-cold water and fresh herbs. 

The entire match is spent forging “intimate connections” with loved ones, snacking on the grilled meats and ordering in bananas and churros. 

It’s a different experience than just finding a sports bar, which Ransom calls the “North American” tradition.

“It’s the most authentic way to watch soccer, besides going to the game.”"				./images/Paraguay/01_rpj_ParaFIFAFan._002.JPG	./images/Paraguay/rpj_ParaFIFAFan._001.JPG	6000	4000	6000	4000	./images/Paraguay/01_rpj_ParaFIFAFan._002.JPG|./images/Paraguay/rpj_ParaFIFAFan._001.JPG|./images/Paraguay/rpj_ParaFIFAFan._003.JPG	"The fan: Matthew Ransom, owner of Latinito Empanadas, 29.

The country: Paraguay has made 10 appearances at the World Cup but this will be their first appearance since 2010. Approximately 7.1 million people live in Paraguay, with roughly 8,000 Paraguayan nationals in Canada and 450 of them living in Toronto.

Why he cheers: Ransom’s entire family back in Paraguay are “huge soccer fanatics."" No matter who’s playing, his dad will always watch a soccer match and his mother grew up surrounded by soccer talk and friendly competitive matches. 

Naturally, he became immersed in the sport. Growing up in Brampton, he joined a team as a child and every recess, he would be out kicking the ball with friends. 

It’s Paraguay’s first time in the renowned soccer tournament in 16 years, where the nation had its best finish in reaching the quarterfinals. Ransom believes they’re due for a win. 

“They’ve always kind of been the underdog of South America,” he said, pointing toward other countries such as Argentina and Brazil, who have won a combined eight World Cups and are more recognized. “Most people have never met a Paraguayan person.”

How to cheer: To cheer the Paraguayan way, Ransom says the first step is to find out who in your circle has the largest barbecue grill and television. This is referred to as “assado,” which translates to “roast,” and refers to the social event of spending hours on the grill with loved ones.

During the game, it’s customary to pass around a cup of yerba mare, a traditional herbal drink, or tereré, an infusion of the tea with ice-cold water and fresh herbs. 

The entire match is spent forging “intimate connections” with loved ones, snacking on the grilled meats and ordering in bananas and churros. 

It’s a different experience than just finding a sports bar, which Ransom calls the “North American” tradition.

“It’s the most authentic way to watch soccer, besides going to the game.”"
Portugal	Portugal	K	Lorem ipsum dolor sit amet	Lorem ipsum dolor sit amet, consectetur adipiscing elit. Integer posuere erat a ante venenatis dapibus posuere velit aliquet.	"Lorem ipsum dolor sit amet, consectetur adipiscing elit. Praesent commodo cursus magna, vel scelerisque nisl consectetur et. Donec ullamcorper nulla non metus auctor fringilla.

Curabitur blandit tempus porttitor. Aenean lacinia bibendum nulla sed consectetur. Etiam porta sem malesuada magna mollis euismod."	Maecenas faucibus mollis interdum. Sed posuere consectetur est at lobortis. Cras justo odio, dapibus ac facilisis in, egestas eget quam.											"The fan: Lorem ipsum dolor sit amet

Cheering for: Lorem ipsum dolor sit amet, consectetur adipiscing elit. Integer posuere erat a ante venenatis dapibus posuere velit aliquet.

Why they cheer: Lorem ipsum dolor sit amet, consectetur adipiscing elit. Praesent commodo cursus magna, vel scelerisque nisl consectetur et. Donec ullamcorper nulla non metus auctor fringilla.

Curabitur blandit tempus porttitor. Aenean lacinia bibendum nulla sed consectetur. Etiam porta sem malesuada magna mollis euismod.

How to cheer: Maecenas faucibus mollis interdum. Sed posuere consectetur est at lobortis. Cras justo odio, dapibus ac facilisis in, egestas eget quam."
Qatar	Qatar	B	PhD student Sara Gibreel, in her 50s	Qatar, a country that, before hosting the World Cup in 2022, had never qualified for the tournament. The small Arab nation sits on the Persian Gulf, with a population of 3.37 million.	"OK, Gibreel won't be cheering from Toronto. Though she wishes she could be here.

Studying dentistry and living in Montreal, she had hoped to volunteer for the World Cup here this summer, but her studies took precedence.

When Qatar hosted the World Cup in her home country four years ago, Gibreel knew she had to be a part of it. She worked hard and became a volunteer during the matches, interacting with fans and making memories she'd never forget. She was proud to wear the uniform in her home country. 

“Football was everything in our family, our conversation, our passion, and I've been in that environment and also I volunteered not only in the FIFA, I volunteered in other cups on the national level,” said Gibreel.

Stepping foot in the stadium back home, she could feel the rush of energy from the fans around her. “It's a never-ending memory,” said Gibreel. “It's an amazing, exceptional feeling, being in the middle of all this crowd, cheering together, everyone is happy.”

Though she can't make it down the 401 to Toronto, she’s still excited to celebrate Canada hosting the World Cup. “I've been part of the community so I was very happy that it's coming … it's almost like a second home,” said Gibreel."	Qatar might be a small nation, but it will get big attention locally as it plays in Canada's pool, battling the home team in Vancouver on June 18. That game will be on screens around the city, from major locations like the FIFA Fan Zone, Canada Soccer House and the Home of Soccer at Stackt Market to living rooms and basements across the city.				./images/Qatar/sp-wcup-qatar.jpg		1499	1492			./images/Qatar/sp-wcup-qatar.jpg	"The fan: PhD student Sara Gibreel, in her 50s

Cheering for: Qatar, a country that, before hosting the World Cup in 2022, had never qualified for the tournament. The small Arab nation sits on the Persian Gulf, with a population of 3.37 million. 

Why she's cheering: OK, Gibreel won't be cheering from Toronto. Though she wishes she could be here.

Studying dentistry and living in Montreal, she had hoped to volunteer for the World Cup here this summer, but her studies took precedence.

When Qatar hosted the World Cup in her home country four years ago, Gibreel knew she had to be a part of it. She worked hard and became a volunteer during the matches, interacting with fans and making memories she'd never forget. She was proud to wear the uniform in her home country. 

“Football was everything in our family, our conversation, our passion, and I've been in that environment and also I volunteered not only in the FIFA, I volunteered in other cups on the national level,” said Gibreel.

Stepping foot in the stadium back home, she could feel the rush of energy from the fans around her. “It's a never-ending memory,” said Gibreel. “It's an amazing, exceptional feeling, being in the middle of all this crowd, cheering together, everyone is happy.”

Though she can't make it down the 401 to Toronto, she’s still excited to celebrate Canada hosting the World Cup. “I've been part of the community so I was very happy that it's coming … it's almost like a second home,” said Gibreel. 

How to cheer: Qatar might be a small nation, but it will get big attention locally as it plays in Canada's pool, battling the home team in Vancouver on June 18. That game will be on screens around the city, from major locations like the FIFA Fan Zone, Canada Soccer House and the Home of Soccer at Stackt Market to living rooms and basements across the city."
Saudi Arabia	Saudi-Arabia	H	Communication consultant Marwan Abu Ghanem, 60.	Saudi Arabia, which has qualified for eight World Cups and will host in 2034. Located on the Arabian Peninsula, Saudi Arabia has a population of 35.3 million people; approximately 3,500 people of Saudi Arabian ethnic origin live in the GTA.	"Marwan Abu Ghanem knew he would follow Saudi Arabia when they made it to the World Cup for the first time.

Originally from Lebanon, he’d been a football fan since childhood, using whatever money he got from his parents to buy newspapers to keep up with the scores.

He moved to the United Arab Emirates in 1989, travelling to neighbouring Saudi Arabia every now and then. He watched the team debut at the World Cup debut in 1994, and that hooked him. “I was watching it while in Dubai on TV and it was amazing,” said Abu Ghanem.

In 2022, he got to watch the team play a friendly against Iceland in the U.A.E. capital of Abu Dhabi, cheering them on from the stands. His passion for the sport led him to write “Kullul Arqaam,” an Arabic history book about the World Cup from 1930 to 2014. 

“I wrote it all by myself. It was really something I was proud of,” said Abu Ghanem.

A volunteer at Mississauga's Arabic Cultural Club of Ontario over the past four years, he came to Canada in 2006, and is ready to catch the World Cup in Toronto. “Being a Canadian as well, I am also a fan of Canada,” he said.

For Abu Ghanem, the best part of this year's World Cup is that, while he won’t get to watch his team play live, he’ll get to see a game in Toronto on July 2, a knockout-stage match with teams that remain to be determined 

“I couldn't believe it when my niece managed to get a ticket for me,” said Abu Ghanem. “Potentially England or Portugal. Or Colombia or Croatia. It's gonna be a very strong team.”"	Saudi Arabia games will on screens around town, from The Porch on Adelaide Street West when they take on Uruguay on June 15, to Dublin Calling's Adelaide and Danforth locations when they take on Cape Verde on June 26, to the FIFA Fan Festival when they confront powerhouse Spain on June 21.				./images/Saudi-Arabia/sp-wcup-saudiarabia.jpg		3117	2456			./images/Saudi-Arabia/sp-wcup-saudiarabia.jpg	"The fan: Communication consultant Marwan Abu Ghanem, 60.

Cheering for: Saudi Arabia, which has qualified for eight World Cups and will host in 2034. Located on the Arabian Peninsula, Saudi Arabia has a population of 35.3 million people; approximately 3,500 people of Saudi Arabian ethnic origin live in the GTA.

Why he's cheering: Marwan Abu Ghanem knew he would follow Saudi Arabia when they made it to the World Cup for the first time. 

Originally from Lebanon, he’d been a football fan since childhood, using whatever money he got from his parents to buy newspapers to keep up with the scores.

He moved to the United Arab Emirates in 1989, travelling to neighbouring Saudi Arabia every now and then. He watched the team debut at the World Cup debut in 1994, and that hooked him. “I was watching it while in Dubai on TV and it was amazing,” said Abu Ghanem.

In 2022, he got to watch the team play a friendly against Iceland in the U.A.E. capital of Abu Dhabi, cheering them on from the stands. His passion for the sport led him to write “Kullul Arqaam,” an Arabic history book about the World Cup from 1930 to 2014. 

“I wrote it all by myself. It was really something I was proud of,” said Abu Ghanem.

A volunteer at Mississauga's Arabic Cultural Club of Ontario over the past four years, he came to Canada in 2006, and is ready to catch the World Cup in Toronto. “Being a Canadian as well, I am also a fan of Canada,” he said.

For Abu Ghanem, the best part of this year's World Cup is that, while he won’t get to watch his team play live, he’ll get to see a game in Toronto on July 2, a knockout-stage match with teams that remain to be determined 

“I couldn't believe it when my niece managed to get a ticket for me,” said Abu Ghanem. “Potentially England or Portugal. Or Colombia or Croatia. It's gonna be a very strong team.”

How to cheer: Saudi Arabia games will on screens around town, from The Porch on Adelaide Street West when they take on Uruguay on June 15, to Dublin Calling's Adelaide and Danforth locations when they take on Cape Verde on June 26, to the FIFA Fan Festival when they confront powerhouse Spain on June 21."
Scotland	Scotland	C	Marketing director Steven Allison, 36.	Scotland, part of the United Kingdom with a population of over 5 million people, is back in the World Cup for the first time in 28 years. There are about 211,175 Scottish people living in Toronto.	"The night Scotland qualified for the 2026 World Cup in November, Steven Allison and a group of about 30 people were on top of tables, going absolutely bonkers, screaming and celebrating as they watched at the local pub, Scotland Yard.

Allison couldn’t remember what the feeling was like. The last time he saw Scotland in the World Cup, he was a kid in school, watching their opening match in 1998 against Brazil.

Despite Scotland's 28-year absence from the World Cup, soccer is the most important sport in the country. Two of the country's most successful clubs, Celtic F.C. and Rangers F.C., despise each other. It’s a rivalry rooted in deep religious, social and political divisions.

Allison’s dad has been a season-ticket holder for the Rangers for over 50 years, passing it on to him. Allison still holds onto it, despite now living in Toronto.

The only thing that can calm the fanbases and bring them together in one room is cheering on Scotland’s national team.

Supporters of Scotland — known as the Tartan Army — often travel far and wide, filling up global arenas. They can be spotted wearing traditional Scottish clothing, including a knee-length kilt made of tartan wool. Some also can be seen carrying bagpipes, preparing to sing their classic anthem “We'll Be Coming Down the Road” before matches.

“We like to drink and we like to have a good time and we like to sing,” said Allison.

Allison estimates he’s attended about 50 Scotland matches in his lifetime, travelling across Europe in Greece, Spain, Italy, Germany, Slovakia and Georgia to cheer on his country. He’ll be in Boston, Mass., for 12 days as he’s secured tickets for Scotland’s first World Cup match against Haiti. He’ll then fly to Miami to watch them conclude their group stage against Brazil.

This past Halloween, Allison dressed as William Wallace from the 1995 film “Braveheart.”

“I was going to Scotland games before I can actually really remember the games and who we were playing, but my dad took me,” said Allison. “We’ve been following my whole life. I'm 36 now, so you're talking 33 years of it.”

When Allison moved to Toronto in 2024 for a marketing job, he felt homesick. The only way he felt closer to home as visiting Scotland Yard and watching all of Scotland’s qualifying games, which allowed him to make new friends and connect with Scottish folks in the city. Hours before a match, drinking isn’t optional; it’s a requirement for Scotland fans."	"A classic drink for match day is a pint of Tennent's Lager, made in Glasgow. In North America, Buckfast tonic wine has become popular. At halftime, it’s also routine for supporters to have a traditional scotch pie.

“We actually have a phrase back in Scotland where it's 'eating is cheating,' meaning if you're drinking, you shouldn't be having any food because it sobers you up,” laughs Allison. “You fill your stomach with beer basically.”

Fans can gather at locations like The Caledonian (""home of the Tartan Army"") at 856 College St. as well as at the official FIFA Fan Festival on both June 13 and June 19.

Expectations for the World Cup aren’t grand for fans like Allison. He celebrated qualifying for the World Cup like Scotland won the whole thing. There are only two things Allison wants to see in this tournament. One is for his country to win a match in the group stage, which hasn’t happened since 1990. The other thing? Seeing England lose.

“(Our) second team is whoever England are playing against. England won the World Cup in 1966, and they still talk about it,” said Allison."		./images/Scotland/video/slomo.mp4	./images/Scotland/video/slomo.mp4	./images/Scotland/LM_041726_ScotlandFan1.JPG	./images/Scotland/LM_041726_ScotlandFan2.JPG	8192	5464	8192	5464	./images/Scotland/LM_041726_ScotlandFan1.JPG|./images/Scotland/LM_041726_ScotlandFan2.JPG|./images/Scotland/LM_041726_ScotlandFan3.JPG|./images/Scotland/LM_041726_ScotlandFan4.JPG|./images/Scotland/LM_041726_ScotlandFan5.JPG|./images/Scotland/LM_041726_ScotlandFan6.JPG|./images/Scotland/LM_041726_ScotlandFan7.JPG|./images/Scotland/LM_041726_ScotlandFan8.JPG|./images/Scotland/LM_041726_ScotlandFan9.JPG|./images/Scotland/LM_041726_ScotlandFan10.JPG|./images/Scotland/LM_041726_ScotlandFan11.JPG|./images/Scotland/LM_041726_ScotlandFan12.JPG|./images/Scotland/LM_041726_ScotlandFan13.JPG|./images/Scotland/LM_041726_ScotlandFan14.JPG|./images/Scotland/LM_041726_ScotlandFan15.JPG	"The fan: Marketing director Steven Allison, 36.

Cheering for: Scotland, part of the United Kingdom with a population of over 5 million people, is back in the World Cup for the first time in 28 years. There are about 211,175 Scottish people living in Toronto.

Why they're cheering: The night Scotland qualified for the 2026 World Cup in November, Steven Allison and a group of about 30 people were on top of tables, going absolutely bonkers, screaming and celebrating as they watched at the local pub, Scotland Yard.

Allison couldn’t remember what the feeling was like. The last time he saw Scotland in the World Cup, he was a kid in school, watching their opening match in 1998 against Brazil.

Despite Scotland's 28-year absence from the World Cup, soccer is the most important sport in the country. Two of the country's most successful clubs, Celtic F.C. and Rangers F.C., despise each other. It’s a rivalry rooted in deep religious, social and political divisions.

Allison’s dad has been a season-ticket holder for the Rangers for over 50 years, passing it on to him. Allison still holds onto it, despite now living in Toronto.

The only thing that can calm the fanbases and bring them together in one room is cheering on Scotland’s national team.

Supporters of Scotland — known as the Tartan Army — often travel far and wide, filling up global arenas. They can be spotted wearing traditional Scottish clothing, including a knee-length kilt made of tartan wool. Some also can be seen carrying bagpipes, preparing to sing their classic anthem “We'll Be Coming Down the Road” before matches.

“We like to drink and we like to have a good time and we like to sing,” said Allison.

Allison estimates he’s attended about 50 Scotland matches in his lifetime, travelling across Europe in Greece, Spain, Italy, Germany, Slovakia and Georgia to cheer on his country. He’ll be in Boston, Mass., for 12 days as he’s secured tickets for Scotland’s first World Cup match against Haiti. He’ll then fly to Miami to watch them conclude their group stage against Brazil.

This past Halloween, Allison dressed as William Wallace from the 1995 film “Braveheart.”

“I was going to Scotland games before I can actually really remember the games and who we were playing, but my dad took me,” said Allison. “We’ve been following my whole life. I'm 36 now, so you're talking 33 years of it.”

When Allison moved to Toronto in 2024 for a marketing job, he felt homesick. The only way he felt closer to home as visiting Scotland Yard and watching all of Scotland’s qualifying games, which allowed him to make new friends and connect with Scottish folks in the city. Hours before a match, drinking isn’t optional; it’s a requirement for Scotland fans.

How to cheer: A classic drink for match day is a pint of Tennent's Lager, made in Glasgow. In North America, Buckfast tonic wine has become popular. At halftime, it’s also routine for supporters to have a traditional scotch pie.

“We actually have a phrase back in Scotland where it's 'eating is cheating,' meaning if you're drinking, you shouldn't be having any food because it sobers you up,” laughs Allison. “You fill your stomach with beer basically.”

Fans can gather at locations like The Caledonian (""home of the Tartan Army"") at 856 College St. as well as at the official FIFA Fan Festival on both June 13 and June 19.

Expectations for the World Cup aren’t grand for fans like Allison. He celebrated qualifying for the World Cup like Scotland won the whole thing. There are only two things Allison wants to see in this tournament. One is for his country to win a match in the group stage, which hasn’t happened since 1990. The other thing? Seeing England lose.

“(Our) second team is whoever England are playing against. England won the World Cup in 1966, and they still talk about it,” said Allison."
Senegal	Senegal	I	Investment specialist El-Ousmane Sakho, 52.	Senegal has made three straight World Cup appearances and hopes to become the first African nation to hoist the international trophy. A country of more than 19 million in West Africa, along the Atlantic Ocean coast, also boasts a population of 470 in Toronto.	"A year prior to the 1998 World Cup in France, Sakho would wake up at 6:30 a.m. every Sunday, take a train and travel for training as a volunteer steward at the tournament inside the Stade de France.

“I still have my medal and they give me a certificate,” said Sakho, who still cherishes the memory to this day. “It’s here with me. I've still have it. Since 1998, I have it with me.""

Sakho moved from Senegal when he was Sakho to study finance at university in France, before coming to Canada in 2002. The first World Cup the 52-year-old watched was in 1986, but Senegal hadn’t yet made an appearance in the tournament, which led him to cheer for France, a country that colonized Senegal and featured several Senegalese players.

It wasn’t until Sakho’s first year living in downtown Toronto that Senegal made its first World Cup appearance. It was an overwhelming feeling — Senegal’s first-ever match was against France as they shocked the world by defeating the reigning champions 1-0 to open the tournament.

“It was very, very emotional,” said Sakho, who remembers the game like it was yesterday. “I remember back home, nobody slept that night. It was crazy. I was thinking we would go all the way.”

Senegal became the second African team to reach the quarterfinals in tournament history, but lost to Turkey. They’ve now made three straight World Cup appearances, becoming a tournament staple. Sakho grew up cheering on the team in the 1980s, following legendary Sengalese defender Roger Mendy. He became a key figure for the national team and played for AS Monaco in France — a team Sakho supports still this day because of Mendy.

With several players competing on top teams across the world, Sakho doesn’t think it’s impossible that Senegal could be the first African national to hoist the World Cup trophy. It wouldn’t be a celebration just for his country, Sakho says, but it would likely be a holiday for all of Africa.

Last June, they beat England 3-1 in a friendly and have lost only two of their previous 30 matches, excluding penalty shootouts. Earlier this year, they went on a streak of 17 wins in the Africa Cup of Nations (AFCON).

The country has extra motivation after the controversial AFCON final in January, where Senegal initially won 1-0, but forfeited after protesting a late penalty by walking off the field for more than 15 minutes. The Confederation of African Football has since stripped Senegal and instead declared Morocco winners. It led to the Senegalese Football Federation appealing the decision to the Court of Arbitration for Sport.

“This thing is completely a joke,” said Sakho. “I’m 1,000 per cent certain that the tribunal will cancel the decision. Even if they don't cancel it, we are still champions because we (won) it in the field.”

Senegal is set to open the World Cup against France and then Norway and Iraq. They are considered favourites to come out of their group. Sakho is already looking at the possibility that Senegal runs into Morocco this World Cup.

“They have a good team. They can go far,"" said Sakho. “We never know, (maybe) we can meet them further down the road, if we go far as well … my dream is to meet Morocco in the World Cup.”"	"Sakho rarely ever goes out in public these days to watch games. It’s too much to handle for him, because he needs to concentrate while watching Senegal compete. Fans of Senegal are expected to gather at PendAfrica, a restaurant in North York.

Fans during games will eat Thieboudienne, the country’s national dish of fish and rice, along with jollof rice, which also originates from Senegal. Yassa (marinated chicken with onions and lemon) is also a popular dish.

Sakho will have the Senegalese flag out for the country’s first game and also has plans to go to their third game in Toronto against Iraq.

“I have jerseys. My kids have jerseys. I'm waiting for the new one,” said Sakho. “I am waiting for a new jersey with the two stars."""				./images/Senegal/Senegal_World_Cup_Fans_Toronto_021780096829 (1).jpg	./images/Senegal/Senegal_World_Cup_Fans_Toronto_031780096829.jpg	1280	854	1280	854	./images/Senegal/Senegal_World_Cup_Fans_Toronto_021780096829 (1).jpg|./images/Senegal/Senegal_World_Cup_Fans_Toronto_031780096829.jpg|./images/Senegal/Senegal_World_Cup_Fans_Toronto_041780096829.jpg|./images/Senegal/Senegal_World_Cup_Fans_Toronto_061780096829 (1).jpg|./images/Senegal/Senegal_World_Cup_Fans_Toronto_081780096829.jpg|./images/Senegal/Senegal_World_Cup_Fans_Toronto_091780096829.jpg	"The fan: Investment specialist El-Ousmane Sakho, 52.

The country: Senegal has made three straight World Cup appearances and hopes to become the first African nation to hoist the international trophy. A country of more than 19 million in West Africa, along the Atlantic Ocean coast, also boasts a population of 470 in Toronto.

Why he cheers: A year prior to the 1998 World Cup in France, Sakho would wake up at 6:30 a.m. every Sunday, take a train and travel for training as a volunteer steward at the tournament inside the Stade de France.

“I still have my medal and they give me a certificate,” said Sakho, who still cherishes the memory to this day. “It’s here with me. I've still have it. Since 1998, I have it with me.""

Sakho moved from Senegal when he was Sakho to study finance at university in France, before coming to Canada in 2002. The first World Cup the 52-year-old watched was in 1986, but Senegal hadn’t yet made an appearance in the tournament, which led him to cheer for France, a country that colonized Senegal and featured several Senegalese players.

It wasn’t until Sakho’s first year living in downtown Toronto that Senegal made its first World Cup appearance. It was an overwhelming feeling — Senegal’s first-ever match was against France as they shocked the world by defeating the reigning champions 1-0 to open the tournament.

“It was very, very emotional,” said Sakho, who remembers the game like it was yesterday. “I remember back home, nobody slept that night. It was crazy. I was thinking we would go all the way.”

Senegal became the second African team to reach the quarterfinals in tournament history, but lost to Turkey. They’ve now made three straight World Cup appearances, becoming a tournament staple. Sakho grew up cheering on the team in the 1980s, following legendary Sengalese defender Roger Mendy. He became a key figure for the national team and played for AS Monaco in France — a team Sakho supports still this day because of Mendy.

With several players competing on top teams across the world, Sakho doesn’t think it’s impossible that Senegal could be the first African national to hoist the World Cup trophy. It wouldn’t be a celebration just for his country, Sakho says, but it would likely be a holiday for all of Africa.

Last June, they beat England 3-1 in a friendly and have lost only two of their previous 30 matches, excluding penalty shootouts. Earlier this year, they went on a streak of 17 wins in the Africa Cup of Nations (AFCON).

The country has extra motivation after the controversial AFCON final in January, where Senegal initially won 1-0, but forfeited after protesting a late penalty by walking off the field for more than 15 minutes. The Confederation of African Football has since stripped Senegal and instead declared Morocco winners. It led to the Senegalese Football Federation appealing the decision to the Court of Arbitration for Sport.

“This thing is completely a joke,” said Sakho. “I’m 1,000 per cent certain that the tribunal will cancel the decision. Even if they don't cancel it, we are still champions because we (won) it in the field.”

Senegal is set to open the World Cup against France and then Norway and Iraq. They are considered favourites to come out of their group. Sakho is already looking at the possibility that Senegal runs into Morocco this World Cup.

“They have a good team. They can go far,"" said Sakho. “We never know, (maybe) we can meet them further down the road, if we go far as well … my dream is to meet Morocco in the World Cup.”

How to cheer: Sakho rarely ever goes out in public these days to watch games. It’s too much to handle for him, because he needs to concentrate while watching Senegal compete. Fans of Senegal are expected to gather at PendAfrica, a restaurant in North York.

Fans during games will eat Thieboudienne, the country’s national dish of fish and rice, along with jollof rice, which also originates from Senegal. Yassa (marinated chicken with onions and lemon) is also a popular dish.

Sakho will have the Senegalese flag out for the country’s first game and also has plans to go to their third game in Toronto against Iraq.

“I have jerseys. My kids have jerseys. I'm waiting for the new one,” said Sakho. “I am waiting for a new jersey with the two stars."""
South Africa	South-Africa	A	Technical sales manager Robert Larkan, 44.	South Africa returns to the World Cup for the first time since it last hosted the tournament in 2010. The nation on the southernmost tip of the African continent has about 51,590 living in Canada and 21,540 in the province of Ontario.	"Larkan has a bit of déjà vu ahead of this year’s World Cup. Sixteen years ago was the last time he watched his home country, South Africa — the host nation — play in the tournament, kicking things off with a match against Mexico.

Fast forward exactly 16 years, and Larkan will witness a rematch against the same team on the same date.

Larkan was fully immersed in the global tournament, cheering on the South African national team, known as the Bafana Bafana which translates to ""the boys, the boys."" Large parks held watch parties and private schools opened their facilities to show matches during the festivities.

“There were a lot of people turning up to work late during that month,” joked Larkan. “…Everything was just World Cup, World Cup, World Cup. I mean, it was awesome.”

He got to watch matches that included powerhouse nations like Spain, the Netherlands, Brazil, Germany and Portugal. He got tickets through FIFA as a local. If he wasn’t watching a game in the stadium, he was at a fan park with other fans. As a Liverpool soccer fan, he got to witness some of his favourite players competing in person for Spain, who went on to win that World Cup.

Larkan, who is based near Niagara-on-the-Lake, moved to Canada in 2022 with his family. Before that, he grew up and lived in South Africa and saw how Nelson Mandela used the 1995 Rugby World Cup to unify and bring his country together during the apartheid. Mandela spent 27 years in prison for his opposition to the apartheid regime, refusing to give up on trying to achieve equality for everyone, later becoming the country’s first Black president.

“It was something that we saw bring the country together and open up people's eyes to what has been, (and) expose ourselves to the world that we're here, we want to grow, we want to build ourselves together,” said Larkan.

He believes the country’s return to the World Cup can ignite the country, similar to the rugby event in 1995 and similar to hosting in 2010. Larkan’s son already has his own South African kit for the World Cup, with his name on the back. Just recently, the seven-year-old played in his first competitive soccer game.

“Maybe one day, three more World Cup times, he'll be running on the field. You never know,” said Larkan. “He’s got the football bug.”

Viewed as underdogs in a group with Mexico, South Korea and the Czech Republic, Larkan just wants to see South Africa make history and get out of the group stage for the first time."	"Larkan plans to host a barbecue, which in South Africa is called either a Shisanyama or a braai, and is a significant gathering for people. It comes from the Zulu phrase and means “burn meat,” and refers to communal barbecue.

Food staples include South African sausages known as boerewors, which are on the menu. Boerewors means “farmer’s sausage” in Afrikaans and is normally on a bun with spicy tomatoes and onion-based relish, also called Chakalaka. Another common food is Biltong, which is an air-dried, cured meat. Different from beef jerky but awfully familiar to outsiders.

South African fans are expected to watch games at TK."				./images/South-Africa/78066352-d450-475e-b99d-8577b306e003.jpg	./images/South-Africa/db9d7e6c-594c-4589-b75f-6879bf617657.jpg	720	540	720	540	./images/South-Africa/78066352-d450-475e-b99d-8577b306e003.jpg|./images/South-Africa/db9d7e6c-594c-4589-b75f-6879bf617657.jpg	"The fan: Technical sales manager Robert Larkan, 44.

The country: South Africa returns to the World Cup for the first time since it last hosted the tournament in 2010. The nation on the southernmost tip of the African continent has about 51,590 living in Canada and 21,540 in the province of Ontario.

Why he cheers: Larkan has a bit of déjà vu ahead of this year’s World Cup. Sixteen years ago was the last time he watched his home country, South Africa — the host nation — play in the tournament, kicking things off with a match against Mexico.

Fast forward exactly 16 years, and Larkan will witness a rematch against the same team on the same date.

Larkan was fully immersed in the global tournament, cheering on the South African national team, known as the Bafana Bafana which translates to ""the boys, the boys."" Large parks held watch parties and private schools opened their facilities to show matches during the festivities.

“There were a lot of people turning up to work late during that month,” joked Larkan. “…Everything was just World Cup, World Cup, World Cup. I mean, it was awesome.”

He got to watch matches that included powerhouse nations like Spain, the Netherlands, Brazil, Germany and Portugal. He got tickets through FIFA as a local. If he wasn’t watching a game in the stadium, he was at a fan park with other fans. As a Liverpool soccer fan, he got to witness some of his favourite players competing in person for Spain, who went on to win that World Cup.

Larkan, who is based near Niagara-on-the-Lake, moved to Canada in 2022 with his family. Before that, he grew up and lived in South Africa and saw how Nelson Mandela used the 1995 Rugby World Cup to unify and bring his country together during the apartheid. Mandela spent 27 years in prison for his opposition to the apartheid regime, refusing to give up on trying to achieve equality for everyone, later becoming the country’s first Black president.

“It was something that we saw bring the country together and open up people's eyes to what has been, (and) expose ourselves to the world that we're here, we want to grow, we want to build ourselves together,” said Larkan.

He believes the country’s return to the World Cup can ignite the country, similar to the rugby event in 1995 and similar to hosting in 2010. Larkan’s son already has his own South African kit for the World Cup, with his name on the back. Just recently, the seven-year-old played in his first competitive soccer game.

“Maybe one day, three more World Cup times, he'll be running on the field. You never know,” said Larkan. “He’s got the football bug.”

Viewed as underdogs in a group with Mexico, South Korea and the Czech Republic, Larkan just wants to see South Africa make history and get out of the group stage for the first time.

How to cheer: Larkan plans to host a barbecue, which in South Africa is called either a Shisanyama or a braai, and is a significant gathering for people. It comes from the Zulu phrase and means “burn meat,” and refers to communal barbecue. 

Food staples include South African sausages known as boerewors, which are on the menu. Boerewors means “farmer’s sausage” in Afrikaans and is normally on a bun with spicy tomatoes and onion-based relish, also called Chakalaka. Another common food is Biltong, which is an air-dried, cured meat. Different from beef jerky but awfully familiar to outsiders.

South African fans are expected to watch games at TK."
South Korea	South-Korea	A	Financial analyst Jake Kim, 37.	South Korea has made 11 World Cup appearances, included a fourth-place finish in 2002. The country has a population of 51.75 million people and is in East Asia, located in the southern half of the Korean Peninsula. There are 74,200 people of Korean descent living in Toronto.	"Jake Kim remembers the time his home country hosted the World Cup.

Born and raised in South Korea, Kim spent his youth falling in love with the game. He grew up playing soccer but knew he would be a fan for life when South Korea hosted the 2002 World Cup.

“I truly became a fan watching all those matches happening in my homeland,” said Kim. “That's what I fell in love with.”

That love of the sport carried on even when Kim left South Korea. When he moved to Toronto, he joined the Korean Canadian Soccer Association and played in an amateur soccer league at Esther Shiner Civic Stadium in North York.

That's where his favourite part about soccer changed from watching the game to taking to the field.

“I think the game that I typically play myself has much of a bigger impact,” said Kim. “Whether you win or lose it's bound that you can have a good time and that's where I really got pulled into playing soccer.”

Kim played on that field for 10 years, where he won tournaments and made lifelong friends. The league allows people of different skills and ages to play together, which made helped build a strong Korean soccer community locally.

Now, with the World Cup arriving at his new home, Kim is ready to soak it all in and enjoy getting together with his league as they cheer on South Korea.

""Hosting the World Cup, it only comes once in a lifetime,"" said Kim. ""I'm just excited to really see that happening.”"	Sinjeon Topokki & Pocha on Bloor, in the heart of Koreatown, is hosting World Cup matches every day from June 11 to July 19, including South Korea as they take on Czechia on June 11, Mexico on June 18, and South Africa on June 24. Comma Toronto on Queen Street West will also show Canada and South Korea matches live on their TVs. As for Kim's plans? “It's just a bunch of our soccer buddies that we are expected to gather at the pub to watch the game together.”				./images/South-Korea/sp-wcup-southkorea-two.jpg	./images/South-Korea/sp-wcup-southkorea.jpg	3392	2544	1250	759	./images/South-Korea/sp-wcup-southkorea-two.jpg|./images/South-Korea/sp-wcup-southkorea.jpg	"The fan: Financial analyst Jake Kim, 37.

Cheering for: South Korea has made 11 World Cup appearances, included a fourth-place finish in 2002. The country has a population of 51.75 million people and is in East Asia, located in the southern half of the Korean Peninsula. There are 74,200 people of Korean descent living in Toronto.

Why he's cheering: Jake Kim remembers the time his home country hosted the World Cup.

Born and raised in South Korea, Kim spent his youth falling in love with the game. He grew up playing soccer but knew he would be a fan for life when South Korea hosted the 2002 World Cup.

“I truly became a fan watching all those matches happening in my homeland,” said Kim. “That's what I fell in love with.”

That love of the sport carried on even when Kim left South Korea. When he moved to Toronto, he joined the Korean Canadian Soccer Association and played in an amateur soccer league at Esther Shiner Civic Stadium in North York.

That's where his favourite part about soccer changed from watching the game to taking to the field.

“I think the game that I typically play myself has much of a bigger impact,” said Kim. “Whether you win or lose it's bound that you can have a good time and that's where I really got pulled into playing soccer.”

Kim played on that field for 10 years, where he won tournaments and made lifelong friends. The league allows people of different skills and ages to play together, which made helped build a strong Korean soccer community locally.

Now, with the World Cup arriving at his new home, Kim is ready to soak it all in and enjoy getting together with his league as they cheer on South Korea.

""Hosting the World Cup, it only comes once in a lifetime,"" said Kim. ""I'm just excited to really see that happening.”

How to cheer: Sinjeon Topokki & Pocha on Bloor, in the heart of Koreatown, is hosting World Cup matches every day from June 11 to July 19, including South Korea as they take on Czechia on June 11, Mexico on June 18, and South Africa on June 24. Comma Toronto on Queen Street West will also show Canada and South Korea matches live on their TVs. As for Kim's plans? “It's just a bunch of our soccer buddies that we are expected to gather at the pub to watch the game together.”"
Spain	Spain	H	Retired broadcaster Paul Hendrick, 69.	Spain, winners of the World Cup in 2010, will be making its 17th World Cup appearance. They are ranked second in the world by FIFA heading into the tournament.	"Paul Hendrick, best known for bringing his passion for the Maple Leafs to television through his 41-year broadcast career, had another sporting love all along: soccer. His specific interest lies in Real Madrid, and of course all things Spanish soccer.

Hendrick fell in love with the beautiful game around the same time he fell in love with his future wife, Alicia, who is from Spain, and whose brothers made sure “Hennie” never missed a Spanish result.

“I went there 39 years ago on my honeymoon, and I wanted to choose a team, so I chose Real Madrid,” said Hendrick. “You can compare their history to that of the Toronto Maple Leafs. I appreciated their history. I could never cheer for Barcelona. That would be like cheering for the Montreal Canadiens.

“I’ve been with them through ups and downs. When they’ve won Euros (European championships) my heart has burst. And when Spain won their World Cup in 2010, without a word of exaggeration, I had tears coming down the side of my face, because finally, as a country, they were able to put it together and accomplish an incredible feat.”

Spain has been one of international soccer’s most consistent teams. They reached the semifinals twice and the quarterfinals six times, but have not reached the last eight since winning it all in 2010.

“They’ve only won one World Cup,” says Hendrick. “They should have won many more. But they’re a country of many regions and couldn’t win until they learned to play as a team. Not to say they’re going to do it now, but they’ve got a really good shot at it come July.”

No players from Real Madrid were named to the Spanish squad, but Hendrick is looking forward to seeing 18-year-old Barcelona phenom Lamine Yamal make his World Cup debut.

“This kid is one of the top three players on the planet, but he has a hamstring injury,” he said.

Hendrick, a native of Noranda, Que., will of course be rooting for Canada as well. So what if Canada plays Spain down the line?

“It ain’t going to happen,” he said."	"Hendrick will watch the Spanish team from home with his in-laws.

“They’re fervent Spanish soccer fans,” he said.

For Spanish supporters, there are plenty of public places to gather. The Firkin on Bay St. (1075 Bay St.) is the Toronto home for Real Madrid fans while The Pint Public House (277 Front St. W.) typically hosts the official Penya Blaugrana de Toronto (the FC Barcelona supporters club)."					./images/Spain/hendrick.jpg			880	1184	./images/Spain/hendrick.jpg	"The fan: Retired broadcaster Paul Hendrick, 69.

Cheering for: Spain, winners of the World Cup in 2010, will be making its 17th World Cup appearance. They are ranked second in the world by FIFA heading into the tournament.

Why he's cheering: Paul Hendrick, best known for bringing his passion for the Maple Leafs to television through his 41-year broadcast career, had another sporting love all along: soccer. His specific interest lies in Real Madrid, and of course all things Spanish soccer.

Hendrick fell in love with the beautiful game around the same time he fell in love with his future wife, Alicia, who is from Spain, and whose brothers made sure “Hennie” never missed a Spanish result.

“I went there 39 years ago on my honeymoon, and I wanted to choose a team, so I chose Real Madrid,” said Hendrick. “You can compare their history to that of the Toronto Maple Leafs. I appreciated their history. I could never cheer for Barcelona. That would be like cheering for the Montreal Canadiens.

“I’ve been with them through ups and downs. When they’ve won Euros (European championships) my heart has burst. And when Spain won their World Cup in 2010, without a word of exaggeration, I had tears coming down the side of my face, because finally, as a country, they were able to put it together and accomplish an incredible feat.”

Spain has been one of international soccer’s most consistent teams. They reached the semifinals twice and the quarterfinals six times, but have not reached the last eight since winning it all in 2010.

“They’ve only won one World Cup,” says Hendrick. “They should have won many more. But they’re a country of many regions and couldn’t win until they learned to play as a team. Not to say they’re going to do it now, but they’ve got a really good shot at it come July.”

No players from Real Madrid were named to the Spanish squad, but Hendrick is looking forward to seeing 18-year-old Barcelona phenom Lamine Yamal make his World Cup debut.

“This kid is one of the top three players on the planet, but he has a hamstring injury,” he said.

Hendrick, a native of Noranda, Que., will of course be rooting for Canada as well. So what if Canada plays Spain down the line?

“It ain’t going to happen,” he said.

How to cheer: Hendrick will watch the Spanish team from home with his in-laws.

“They’re fervent Spanish soccer fans,” he said.

For Spanish supporters, there are plenty of public places to gather. The Firkin on Bay St. (1075 Bay St.) is the Toronto home for Real Madrid fans while The Pint Public House (277 Front St. W.) typically hosts the official Penya Blaugrana de Toronto (the FC Barcelona supporters club)."
Sweden	Sweden	F	Lorem ipsum dolor sit amet	Lorem ipsum dolor sit amet, consectetur adipiscing elit. Integer posuere erat a ante venenatis dapibus posuere velit aliquet.	"Lorem ipsum dolor sit amet, consectetur adipiscing elit. Praesent commodo cursus magna, vel scelerisque nisl consectetur et. Donec ullamcorper nulla non metus auctor fringilla.

Curabitur blandit tempus porttitor. Aenean lacinia bibendum nulla sed consectetur. Etiam porta sem malesuada magna mollis euismod."	Maecenas faucibus mollis interdum. Sed posuere consectetur est at lobortis. Cras justo odio, dapibus ac facilisis in, egestas eget quam.											"The fan: Lorem ipsum dolor sit amet

Cheering for: Lorem ipsum dolor sit amet, consectetur adipiscing elit. Integer posuere erat a ante venenatis dapibus posuere velit aliquet.

Why they cheer: Lorem ipsum dolor sit amet, consectetur adipiscing elit. Praesent commodo cursus magna, vel scelerisque nisl consectetur et. Donec ullamcorper nulla non metus auctor fringilla.

Curabitur blandit tempus porttitor. Aenean lacinia bibendum nulla sed consectetur. Etiam porta sem malesuada magna mollis euismod.

How to cheer: Maecenas faucibus mollis interdum. Sed posuere consectetur est at lobortis. Cras justo odio, dapibus ac facilisis in, egestas eget quam."
Switzerland	Switzerland	B	Speech language pathologist Céline Baracho, 42.	Switzerland has made 12 appearances at the World Cup but has never won the tournament. They’ve made it to the quarterfinals three times, with their last appearance in 1954. Approximately 9.1 million people live in the central European country dominated by the Alps, with roughly 13,400 Swiss nationals living in the GTA.	"Baracho had constantly moved back and forth between Switzerland and Canada before eventually settling in Toronto in 2009. But the one thing that remained consistent through her life was her love of soccer, which she played recreationally. She grew up in a “soccer family” and shared that love with her two older brothers.

In 2008, Switzerland co-hosted the European Football Championship, where Baracho got a job as a steward. After suffering an ACL injury in 2017 during a game, she’s since scaled back on her soccer days. 

But her eight-year-old son is now following in her footsteps, playing for the Cherry Beach Soccer Club in East Danforth.

She calls herself a proud soccer mom. “Even though I can't play the same way anymore, my love for the game is still strong and now I get to share that passion with my kids.”"	"Baracho is also vice-president of the Swiss Club Toronto. This year, they are holding three watch parties scattered across the city Switzerland's group-stage games: June 13 at 2:30 p.m. at the Stout Irish Pub, when Switzerland takes on Qatar; June 18 at 2:30 p.m. at The Fox & Fiddle Danforth, when Switzerland takes on Bosnia and Herzegovina; and June 24 at 2:30 p.m. at The Union Social Eatery, when Switzerland plays Canada. To attend, there is an RSVP form posted on the club’s website.

“Everyone’s going to have matching Swiss jerseys for this year,” she said, anticipating a sea of red and lots of exciting energy amongst the group. “I love the pride we have for this beautiful country that we all feel so connected to.”"				./images/Switzerland/NL_WC Fan Switzerland_0001.JPG	./images/Switzerland/NL_WC Fan Switzerland_0002.JPG	5359	3573	4568	3045	./images/Switzerland/NL_WC Fan Switzerland_0001.JPG|./images/Switzerland/NL_WC Fan Switzerland_0002.JPG	"The fan: Speech language pathologist Céline Baracho, 42.

The country: Switzerland has made 12 appearances at the World Cup but has never won the tournament. They’ve made it to the quarterfinals three times, with their last appearance in 1954. Approximately 9.1 million people live in the central European country dominated by the Alps, with roughly 13,400 Swiss nationals living in the GTA.

Why she cheers: Baracho had constantly moved back and forth between Switzerland and Canada before eventually settling in Toronto in 2009. But the one thing that remained consistent through her life was her love of soccer, which she played recreationally. She grew up in a “soccer family” and shared that love with her two older brothers.

In 2008, Switzerland co-hosted the European Football Championship, where Baracho got a job as a steward. After suffering an ACL injury in 2017 during a game, she’s since scaled back on her soccer days. 

But her eight-year-old son is now following in her footsteps, playing for the Cherry Beach Soccer Club in East Danforth.

She calls herself a proud soccer mom. “Even though I can't play the same way anymore, my love for the game is still strong and now I get to share that passion with my kids.”

How to cheer: Baracho is also vice-president of the Swiss Club Toronto. This year, they are holding three watch parties scattered across the city Switzerland's group-stage games: June 13 at 2:30 p.m. at the Stout Irish Pub, when Switzerland takes on Qatar; June 18 at 2:30 p.m. at The Fox & Fiddle Danforth, when Switzerland takes on Bosnia and Herzegovina; and June 24 at 2:30 p.m. at The Union Social Eatery, when Switzerland plays Canada. To attend, there is an RSVP form posted on the club’s website.

“Everyone’s going to have matching Swiss jerseys for this year,” she said, anticipating a sea of red and lots of exciting energy amongst the group. “I love the pride we have for this beautiful country that we all feel so connected to.”"
Tunisia	Tunisia	F	Real estate agent Chedli Ben Bouzid.	Tunisia, a country making its third straight World Cup appearance, is looking to make it out of the group stage for the first time in the tournament. They made history back in 1978 as the first African nation to win a World Cup match.	"The first World Cup Bouzid watched Tunisia compete in was in 2006. He was 10 years old, alongside his dad, as they erupted in cheers when Tunisia opened the scoring against Spain, one of the tournament favourites, to hold a 1-0 lead at halftime during their group stage match.

Nobody expected that, and for a brief moment, a lot of fans thought they were about to pull off the unthinkable.

“That was crazy. You feel like you're gonna win the World Cup,” said Bouzid. “Everything is possible.”

Spain ended up winning 3-1, but that game meant everything to Bouzid, who started following the national team closely. He’s attended more than 25 Tunisian games in person over the years.

That’s why it was a no-brainer for the 29-year-old to trek to downtown Toronto to watch Tunisia play in two friendly matches ahead of the World Cup against Haiti and Canada in March. He wasn’t alone as many Tunisians packed BMO Field, in red and white, with flags and face paint.

“Even for a friendly, people are crazy about soccer,” said Bouzid. “Other countries wouldn't give it that importance, you know, like ’It's just a friendly, I'm going to bed.’ We don't mess around with that.”

Bouzid is from Tunisia but moved to Canada five years ago, relocating to Montreal before settling in Toronto a year ago. Ever since he was a kid, his father and uncles have all followed the Tunisian national team.

Soccer is the No. 1 sport back home in Tunisia. No matter the opponent and time, Tunisians pack inside local coffee shops to support the country. When he watched Tunisia in March, for Bouzid, it felt like he wasn’t in Canada for a second, but back in his homeland surrounded by locals watching their favourite sport.

“I say it jokingly every time (that) we're gonna win the World Cup. There's nothing stopping you from dreaming, right?” said Bouzid."	"The culture for most Tunisian soccer fans is to find a cafe to watch the game and have a cup of strong coffee by their side while they’re watching the national team. Bouzid’s dad used to own a cafe where hundreds of Tunisians would come by and stand outside on the street to get a glimpse of the TV inside.

Eating food during matches isn’t common, says Bouzid, with most resorting to coffee, tea and some hookah or cigarettes to calm the nerves.

“It’s that combination of caffeine, nicotine and a soccer game on the screen, and you know, the adrenaline being at its height — that's most Tunisians,” said Bouzid.

Tunisian fans are known for “being spicy,” says Bouzid, always protective of the national team and the country. It’s quite fitting as the country is known to have the hottest cuisine in North Africa.

“We always want to make sure we're given a good image of the country for people that don't necessarily know where we come from, don't know the country,” said Bouzid. “We want to make sure when they see us, they’re like, okay, ‘These are Tunisians. They're fun. They're spicy. They are all about good vibes.’ ”

Tunisian fans in Toronto are expected to gather at TK. The team heads into this World Cup with a younger team, a new head coach with many players from their last World Cup appearance in 2022, not with the team. They’re in a group with Sweden, the Netherlands and Japan.

Bouzid is confident heading into the tournament, believing that his country will get out of the group stage for the first time ever. But he hasn’t imagined what it would what would happen if Tunisia shocked the world and won the World Cup.

He thinks the country might celebrate for the rest of the year; he might even consider wearing his Tunisian jersey to work every single day until people got fed up.

“It would be like reminding people constantly we won the World Cup,” said Bouzid."					./images/Tunisia/IMG_6053.jpg			3000	4000	./images/Tunisia/IMG_6053.jpg	"The fan: Real estate agent Chedli Ben Bouzid.

The country: Tunisia, a country making its third straight World Cup appearance, is looking to make it out of the group stage for the first time in the tournament. They made history back in 1978 as the first African nation to win a World Cup match.

Why he cheers: The first World Cup Bouzid watched Tunisia compete in was in 2006. He was 10 years old, alongside his dad, as they erupted in cheers when Tunisia opened the scoring against Spain, one of the tournament favourites, to hold a 1-0 lead at halftime during their group stage match.

Nobody expected that, and for a brief moment, a lot of fans thought they were about to pull off the unthinkable.

“That was crazy. You feel like you're gonna win the World Cup,” said Bouzid. “Everything is possible.”

Spain ended up winning 3-1, but that game meant everything to Bouzid, who started following the national team closely. He’s attended more than 25 Tunisian games in person over the years.

That’s why it was a no-brainer for the 29-year-old to trek to downtown Toronto to watch Tunisia play in two friendly matches ahead of the World Cup against Haiti and Canada in March. He wasn’t alone as many Tunisians packed BMO Field, in red and white, with flags and face paint.

“Even for a friendly, people are crazy about soccer,” said Bouzid. “Other countries wouldn't give it that importance, you know, like ’It's just a friendly, I'm going to bed.’ We don't mess around with that.”

Bouzid is from Tunisia but moved to Canada five years ago, relocating to Montreal before settling in Toronto a year ago. Ever since he was a kid, his father and uncles have all followed the Tunisian national team.

Soccer is the No. 1 sport back home in Tunisia. No matter the opponent and time, Tunisians pack inside local coffee shops to support the country. When he watched Tunisia in March, for Bouzid, it felt like he wasn’t in Canada for a second, but back in his homeland surrounded by locals watching their favourite sport.

“I say it jokingly every time (that) we're gonna win the World Cup. There's nothing stopping you from dreaming, right?” said Bouzid.

How to cheer: The culture for most Tunisian soccer fans is to find a cafe to watch the game and have a cup of strong coffee by their side while they’re watching the national team. Bouzid’s dad used to own a cafe where hundreds of Tunisians would come by and stand outside on the street to get a glimpse of the TV inside.

Eating food during matches isn’t common, says Bouzid, with most resorting to coffee, tea and some hookah or cigarettes to calm the nerves.

“It’s that combination of caffeine, nicotine and a soccer game on the screen, and you know, the adrenaline being at its height — that's most Tunisians,” said Bouzid.

Tunisian fans are known for “being spicy,” says Bouzid, always protective of the national team and the country. It’s quite fitting as the country is known to have the hottest cuisine in North Africa.

“We always want to make sure we're given a good image of the country for people that don't necessarily know where we come from, don't know the country,” said Bouzid. “We want to make sure when they see us, they’re like, okay, ‘These are Tunisians. They're fun. They're spicy. They are all about good vibes.’ ”

Tunisian fans in Toronto are expected to gather at TK. The team heads into this World Cup with a younger team, a new head coach with many players from their last World Cup appearance in 2022, not with the team. They’re in a group with Sweden, the Netherlands and Japan.

Bouzid is confident heading into the tournament, believing that his country will get out of the group stage for the first time ever. But he hasn’t imagined what it would what would happen if Tunisia shocked the world and won the World Cup.

He thinks the country might celebrate for the rest of the year; he might even consider wearing his Tunisian jersey to work every single day until people got fed up.

“It would be like reminding people constantly we won the World Cup,” said Bouzid."
Turkey	Turkey	D	President of the Turkish Society of Canada, Murat Kinat Tibet, 59.	Turkey has made only four appearances at the World Cup and the 2026 edition will be their first appearance in the tournament since 2002, where they had their best result with a third-place finish. Approximately 87.9 million people live in Turkey, with roughly 77,000 Turkish nationals in Canada and the majority of them are concentrated across the GTA.	"Some of Tibet’s earliest memories from growing up in Istanbul was kicking the soccer ball — a sport they refer to as “football” in Europe and the Middle East — near a shipyard. As a child, he was always tasked with being the goalkeeper and his “net” was a large steel door with gold features surrounding it.

He remembers the loud bang of the soccer ball against the doors when his competitors kicked it above. “We were really tiny guys playing around there,” Tibet said, adding that they weren’t very good at the sport.

While there was initial disappointment that Turkey’s games would not be coming to Toronto (their first match is against Australia in Vancouver before heading to the U.S.), the excitement has built up nonetheless amongst the community, said Tibet. Many are also excited to cheer on Canada during the tournament.

“As Turkey’s team couldn’t play in Toronto, I will have more fun with the Canada team since they’re here.”"	"Most matches in Toronto will be organized by local communities and soccer groups, which are split into four branches to symbolize Turkey’s four major “football clubs” competing in the country’s top league, the Turkish Süper Lig.

Since downtown Toronto will likely be jam-packed during the games (and Tibet specifically points out the city’s FIFA Fan Festival), Tibet will be avoiding those zones during match days.

While watch parties haven’t been organized yet, he envisions a group of enthused Turkish soccer fans crowded into a restaurant or bar, rejoicing over the country’s return to the games after a 24-year hiatus. 

But through the chaos and blur of the games, he’s most looking forward to sharing the experience with his son, a recent graduate from the University of Toronto. 

“We are always watching the (soccer) games together,” he said. “There’s also the possibility that we can watch the final games here in Canada as well.”"				./images/Turkey/01_sr_FIFAfanTURKEY_03.JPG	./images/Turkey/sr_FIFAfanTURKEY_01.JPG	6000	3610	6000	2842	./images/Turkey/01_sr_FIFAfanTURKEY_03.JPG|./images/Turkey/sr_FIFAfanTURKEY_01.JPG|./images/Turkey/sr_FIFAfanTURKEY_02.JPG|./images/Turkey/sr_FIFAfanTURKEY_04.JPG|./images/Turkey/sr_FIFAfanTURKEY_05.JPG	"The fan: President of the Turkish Society of Canada, Murat Kinat Tibet, 59.

The country: Turkey has made only four appearances at the World Cup and the 2026 edition will be their first appearance in the tournament since 2002, where they had their best result with a third-place finish. Approximately 87.9 million people live in Turkey, with roughly 77,000 Turkish nationals in Canada and the majority of them are concentrated across the GTA.

Why he cheers: Some of Tibet’s earliest memories from growing up in Istanbul was kicking the soccer ball — a sport they refer to as “football” in Europe and the Middle East — near a shipyard. As a child, he was always tasked with being the goalkeeper and his “net” was a large steel door with gold features surrounding it.

He remembers the loud bang of the soccer ball against the doors when his competitors kicked it above. “We were really tiny guys playing around there,” Tibet said, adding that they weren’t very good at the sport.

While there was initial disappointment that Turkey’s games would not be coming to Toronto (their first match is against Australia in Vancouver before heading to the U.S.), the excitement has built up nonetheless amongst the community, said Tibet. Many are also excited to cheer on Canada during the tournament.

“As Turkey’s team couldn’t play in Toronto, I will have more fun with the Canada team since they’re here.”

How to cheer: Most matches in Toronto will be organized by local communities and soccer groups, which are split into four branches to symbolize Turkey’s four major “football clubs” competing in the country’s top league, the Turkish Süper Lig.

Since downtown Toronto will likely be jam-packed during the games (and Tibet specifically points out the city’s FIFA Fan Festival), Tibet will be avoiding those zones during match days.

While watch parties haven’t been organized yet, he envisions a group of enthused Turkish soccer fans crowded into a restaurant or bar, rejoicing over the country’s return to the games after a 24-year hiatus. 

But through the chaos and blur of the games, he’s most looking forward to sharing the experience with his son, a recent graduate from the University of Toronto. 

“We are always watching the (soccer) games together,” he said. “There’s also the possibility that we can watch the final games here in Canada as well.”"
United States	United-States	D	Lorem ipsum dolor sit amet	Lorem ipsum dolor sit amet, consectetur adipiscing elit. Integer posuere erat a ante venenatis dapibus posuere velit aliquet.	"Lorem ipsum dolor sit amet, consectetur adipiscing elit. Praesent commodo cursus magna, vel scelerisque nisl consectetur et. Donec ullamcorper nulla non metus auctor fringilla.

Curabitur blandit tempus porttitor. Aenean lacinia bibendum nulla sed consectetur. Etiam porta sem malesuada magna mollis euismod."	Maecenas faucibus mollis interdum. Sed posuere consectetur est at lobortis. Cras justo odio, dapibus ac facilisis in, egestas eget quam.											"The fan: Lorem ipsum dolor sit amet

Cheering for: Lorem ipsum dolor sit amet, consectetur adipiscing elit. Integer posuere erat a ante venenatis dapibus posuere velit aliquet.

Why they cheer: Lorem ipsum dolor sit amet, consectetur adipiscing elit. Praesent commodo cursus magna, vel scelerisque nisl consectetur et. Donec ullamcorper nulla non metus auctor fringilla.

Curabitur blandit tempus porttitor. Aenean lacinia bibendum nulla sed consectetur. Etiam porta sem malesuada magna mollis euismod.

How to cheer: Maecenas faucibus mollis interdum. Sed posuere consectetur est at lobortis. Cras justo odio, dapibus ac facilisis in, egestas eget quam."
Uruguay	Uruguay	H	Air Canada worker Carlos Zeballos, 54.	Uruguay, a perennial threat, won the whole thing in 1930 and 1950, two of its 14 World Cup appearances to date (this year makes it 15). Tucked onto South America's Atlantic coast, the country has a population of 3.5 million; 3,450 people of Uruguayan origin live in the Toronto CMA, according to Statistics Canada.	"Carlos Zeballos had a long soccer career in Canada.

The former Canadian National Soccer League player joined the Scarborough Astros in 1993 and signed with Toronto Supra in 1997, helping the club secure a post-season spot. 

“I played my whole life. I played here competitively, I played in Uruguay competitively,” says the Canadian-born Zeballos. “I can't see myself not being around soccer.”

Growing up in Canada, Zeballos became involved in Club Uruguay Toronto, a community organization that hosted games and let people watch soccer together every weekend in Downsview.

“It's so gratifying that we have a World Cup here,” said Zeballos. “Many cities will go on forever with never having a World Cup ... and it's the best sport in the world for me.”

One of his fondest soccer memories (without being on the pitch) was the historic 3-3 draw between Uruguay and Senegal at the 2002 World Cup. Zeballos was in the stands behind the net and watched his country come back from a 3-0 deficit in the second half.

“Was one of those games of a lifetime,” said Zeballos, who commemorates the game with a signed soccer ball from the 2002 Uruguay national team: “A memento from that time that I'm happy that I've kept it all these years”.

Now he’s ready to make new memories in Toronto. “Uruguayans are very proud people. We're a country of only three million people, but have accomplished so much in soccer over time.”"	Uruguayans in Toronto are hosting a watch party at Ciociaro Social Club in Woodbridge on June 26, when Uruguay tackles powerhouse Spain.				./images/Uruguay/sp-wcup-uruguay.jpg		1600	1200			./images/Uruguay/sp-wcup-uruguay.jpg	"The fan: Air Canada worker Carlos Zeballos, 54.

Cheering for: Uruguay, a perennial threat, won the whole thing in 1930 and 1950, two of its 14 World Cup appearances to date (this year makes it 15). Tucked onto South America's Atlantic coast, the country has a population of 3.5 million; 3,450 people of Uruguayan origin live in the Toronto CMA, according to Statistics Canada.

Why he's cheering: Carlos Zeballos had a long soccer career in Canada.

The former Canadian National Soccer League player joined the Scarborough Astros in 1993 and signed with Toronto Supra in 1997, helping the club secure a post-season spot. 

“I played my whole life. I played here competitively, I played in Uruguay competitively,” says the Canadian-born Zeballos. “I can't see myself not being around soccer.”

Growing up in Canada, Zeballos became involved in Club Uruguay Toronto, a community organization that hosted games and let people watch soccer together every weekend in Downsview.

“It's so gratifying that we have a World Cup here,” said Zeballos. “Many cities will go on forever with never having a World Cup ... and it's the best sport in the world for me.”

One of his fondest soccer memories (without being on the pitch) was the historic 3-3 draw between Uruguay and Senegal at the 2002 World Cup. Zeballos was in the stands behind the net and watched his country come back from a 3-0 deficit in the second half.

“Was one of those games of a lifetime,” said Zeballos, who commemorates the game with a signed soccer ball from the 2002 Uruguay national team: “A memento from that time that I'm happy that I've kept it all these years”.

Now he’s ready to make new memories in Toronto. “Uruguayans are very proud people. We're a country of only three million people, but have accomplished so much in soccer over time.”

How to cheer: Uruguayans in Toronto are hosting a watch party at Ciociaro Social Club in Woodbridge on June 26, when Uruguay tackles powerhouse Spain."
Uzbekistan	Uzbekistan	K	Gulruh Egamoba, an admin at a non-profit, 41.	Uzbekistan, located in Central Asia, was long part of the USSR. The country didn’t have its own national team until 1992, joining FIFA in 1994. The team, also known as the White Wolves, are rated 50th in the world by FIFA and has qualified for the World Cup for the first time. They are the first Central Asian nation and third former Soviet republic to do so. More than 38 million live is Uzbekistan, where soccer is said to be the most popular sport. About 10,000 Uzbeks live in Canada, about half settling in Toronto.	"Egamoba, a mother of two from North York, came to Canada 20 years ago. She says the sport has grown on her.

“Lately I’m getting more interested,” said Egamoba. “I don’t know why. Maybe it’s my environment. There are a lot of soccer fans in my workplace.”

Part of it is just the fun of it all. Community fun. She remembers taking to the streets and partying during Russia’s run to the World Cup quarterfinals in 2018.

“We just joined all the fans,” she said. “We came together on the street in a Russian neighbourhood. All the fans celebrated. It was very interesting. Different. The entire street was filled with soccer fans.”

She has plans to see Uzbekistan play Portugal in Houston on June 23 where, as a big fan of Cristiano Ronaldo, her loyalties might just be divided a little.

“But I also like how our new Uzbek player is doing. He’s very talented.”

That would be Abdukodir Khusanov, a defender at Manchester City and the first Uzbek to sign with an English Premier League team. He’s represented the country from the under-17 age group onward and earned his first senior call-up for the 2023 AFC Asian Cup."	"It appears many Uzbeks are going to leave Toronto and go to the games in Houston, Mexico City and Atlanta to support their team.

For those left behind, no hard plans have been made.

“I’m really encouraging all my friends to gather together, and make plans where we can watch together,” said Egamoba. “We’ll try to make it supper, but it’s not in place yet.”

They — or others who want a feel of Uzbekistan — may end up at AsiaMix, located at 180 Steeles Ave. W., west of Yonge St., near Little Russia.

“Basically there’s only one Uzbek restaurant in Toronto,” said Egamoba. “They have a TV.”

It’s an Asian fusion restaurant that features Uzbek cuisine including slow-cooked lamb, mutton, beef and rice."					./images/Uzbekistan/01_IMG_1100.jpg			3000	2220	./images/Uzbekistan/01_IMG_1100.jpg|./images/Uzbekistan/02_IMG_1103.jpg|./images/Uzbekistan/b-roll/01_IMG_1100.jpg|./images/Uzbekistan/b-roll/IMG_1097.jpg	"The fan: Gulruh Egamoba, an admin at a non-profit, 41.

Cheering for: Uzbekistan, located in Central Asia, was long part of the USSR. The country didn’t have its own national team until 1992, joining FIFA in 1994. The team, also known as the White Wolves, are rated 50th in the world by FIFA and has qualified for the World Cup for the first time. They are the first Central Asian nation and third former Soviet republic to do so. More than 38 million live is Uzbekistan, where soccer is said to be the most popular sport. About 10,000 Uzbeks live in Canada, about half settling in Toronto.

Why she's cheering: Egamoba, a mother of two from North York, came to Canada 20 years ago. She says the sport has grown on her.

“Lately I’m getting more interested,” said Egamoba. “I don’t know why. Maybe it’s my environment. There are a lot of soccer fans in my workplace.”

Part of it is just the fun of it all. Community fun. She remembers taking to the streets and partying during Russia’s run to the World Cup quarterfinals in 2018.

“We just joined all the fans,” she said. “We came together on the street in a Russian neighbourhood. All the fans celebrated. It was very interesting. Different. The entire street was filled with soccer fans.”

She has plans to see Uzbekistan play Portugal in Houston on June 23 where, as a big fan of Cristiano Ronaldo, her loyalties might just be divided a little.

“But I also like how our new Uzbek player is doing. He’s very talented.”

That would be Abdukodir Khusanov, a defender at Manchester City and the first Uzbek to sign with an English Premier League team. He’s represented the country from the under-17 age group onward and earned his first senior call-up for the 2023 AFC Asian Cup.

How to cheer: It appears many Uzbeks are going to leave Toronto and go to the games in Houston, Mexico City and Atlanta to support their team.

For those left behind, no hard plans have been made.

“I’m really encouraging all my friends to gather together, and make plans where we can watch together,” said Egamoba. “We’ll try to make it supper, but it’s not in place yet.”

They — or others who want a feel of Uzbekistan — may end up at AsiaMix, located at 180 Steeles Ave. W., west of Yonge St., near Little Russia.

“Basically there’s only one Uzbek restaurant in Toronto,” said Egamoba. “They have a TV.”

It’s an Asian fusion restaurant that features Uzbek cuisine including slow-cooked lamb, mutton, beef and rice."
